prov_code,ethnic_kurdish,ln_gdppc_cons,divorce_rate_ma5,mosques_perk,fm_diff_educ,pol_attitude,count_k
0.030402204268460853,0.40650534989063575,0.1273182750299497,0.04432641382341592,0.01844347168161019,-0.0019117407680378613,-0.9029454667732872,0.00959129110767423
0.030389376393870998,0.4063338294442084,0.1297788347394471,0.046556524635410365,0.01822954758201054,-0.0020721838079887046,-0.9025644788979685,0.007113033210752061
0.030379395592650855,0.4062003769795004,0.13095630868426208,0.04957917360720619,0.019465588612172357,-0.0020384443811267677,-0.9022680491017304,0.00423402889019046
0.0274098089625171,0.3664942806236723,0.11925219299387338,0.046925592943829274,0.017867145644286937,-0.0018285393289736434,-0.9209695811405747,0.003256934945050855
0.027404416094260198,0.3664221730298173,0.12000559056305588,0.049053904808725755,0.017931357290870913,-0.0018401133657148516,-0.9207883807671426,0.00646473601943115
0.02739938860025137,0.36635495082470726,0.12114442394003219,0.0499764848068585,0.017783767706652215,-0.0018044618105943185,-0.920619456968446,0.005496601954866485
0.02739371570084525,0.3662790989575987,0.12205897346601151,0.05177412267459752,0.017829735411037082,-0.0017579421224763255,-0.9204288475484005,0.004996207424364233
0.009241533222863339,0.12356777367564821,0.04166639239920813,0.017392565525428803,0.006029058537462783,-0.0005793893307815198,0.9912468534843217,0.008121002943863568
0.016511379332798077,0.5796384934727129,0.03159136077302895,0.006109210353135288,0.00982735833095009,-0.0008762509261953761,-0.8140110011069451,0.0016836972644970543
0.01651126329728767,0.5796344200002861,0.0317066895352456,0.006175212473185588,0.010124316988082981,-0.0008782692637735543,-0.8140052805562821,0.0016799353560874978
0.015024324835837903,0.5274348579703998,0.02965282632171324,0.005724267762454241,0.009296110183249289,-0.0007730997718882865,-0.8488743532248415,0.003349051548601436
0.015023950557277376,0.5274217187736925,0.030424070788607864,0.006054652074582783,0.009271982258584421,-0.0007699113606780136,-0.8488532064861718,0.0016589965725130813
0.03106221204668737,0.018977162323502137,0.04379211743359011,0.01464065594467198,0.016532436809544315,-0.0011274121392330012,-0.9981324137668875,0.0014205594731429025
0.0303097852492395,0.018517474344736832,0.043152874778436635,0.014326425161140537,0.0161881259249596,-0.0010926873585628786,-0.9982022608749542,0.002828362250980381
0.030309042938159166,0.018517020836859,0.043660681503133916,0.014245250180934808,0.01640519987868837,-0.0011047422874342705,-0.9981778140967086,0.002831373315155917
0.030308410245237182,0.018516634299149987,0.04415788275913334,0.014244952815261476,0.01634368191914078,-0.0011089371466691436,-0.9981569774098112,0.002820814792352771
0.030308144798910117,0.018516472127247052,0.04442317721402505,0.013780103168571135,0.016556890943101574,-0.0011028494390468136,-0.9981482353774398,0.0013995350744482682
0.03483042141633189,0.02127931391429047,0.05130005584388726,0.01565046935640513,0.0190611269162509,-0.0012242591264188386,-0.9975432693637455,0.005588988574710106
0.034584380350349594,0.7271964797206768,0.0299499601195571,0.0018329721585685285,0.013319549843871823,-0.0006901185482548769,-0.684770730936922,0.0018449435631764026
0.034583474529471206,0.7271774332682799,0.030661661830138555,0.0020058415227093298,0.013632326678395316,-0.0007559109401637183,-0.6847527956835299,0.0018102692956604223
0.047453500131461664,0.997792005999459,0.04229400444126818,0.0028709367579534306,0.019005437623076257,-0.0010229076488337875,0.0,0.0036285984357112143
0.04745331853009094,0.9977881875161969,0.04221559443535214,0.0032030990007811387,0.019324724537912345,-0.001026731912073759,0.0,0.0036401030149153225
0.028674770496300826,0.6029367000498392,0.026676920380204684,0.002494705033178172,0.01227119885274601,-0.0005739400839294879,-0.7967284982397185,0.005594040482206289
0.06211458947902108,0.0,0.05201456467450487,0.013391905491676945,0.024601968944146634,-0.0014405999460137548,-0.9963180152434981,0.0029869827292658595
0.06210762724956514,0.0,0.05355359343458432,0.01341524748590607,0.025798159381805498,-0.0014378320650003996,-0.9962063410830249,0.006190436394813653
0.05728190889516991,0.0,0.04993399183696953,0.014045524061095662,0.024591613821836587,-0.0014387475290074446,-0.9967052147759564,0.0031064293768813312
0.057278565912825555,0.0,0.05116523602866287,0.015029895695525425,0.023834550644807686,-0.001401741456188132,-0.9966470468831646,0.0030641854935330366
0.10456177491514491,0.0,0.09393610278649298,0.02781343212742855,0.0431701481486011,-0.002536427749112011,-0.9887361435976103,0.003031331845959841
0.07750261708416503,0.0055826969314328396,0.06324913661042195,0.025317521580827246,0.007547155766665172,-0.0009859244323882704,-0.9946169192467846,0.004191364280690636
0.0774968189397162,0.005582279277365915,0.06418134134176715,0.02593560207182502,0.007439286984945132,-0.0010171221120539985,-0.9945425097263578,0.0020446163921394316
0.0774958334128726,0.005582208287534957,0.06405675655227361,0.02671023058297009,0.007478220831175409,-0.0009797028426444248,-0.994529862131865,0.0032222061559443057
0.0665424175486036,0.004793207819747449,0.05555984328435296,0.023822185482400088,0.006401332214018914,-0.0008576382701048446,-0.9959181826441005,0.0017839151506526256
0.06654143803175476,0.004793137262830637,0.05556770909071734,0.024420707757654,0.006363339974593233,-0.0008962654822571472,-0.9959035225419296,0.002718408597006022
0.06653990580490493,0.004793026892904373,0.05592867058136159,0.02455322524200992,0.006299770271531174,-0.0008681570192212095,-0.9958805902134105,0.0034151871475123683
0.06653865940264822,0.004792937111600004,0.056340234716898065,0.024375328894503466,0.006291065008849539,-0.0008266344959608435,-0.9958619357263017,0.0024314890551196127
0.0587141570392205,0.004229319688373378,0.05004455182481612,0.02115666791979912,0.005511951390277828,-0.0007371240466979702,0.9967706726691666,0.000918269260789572
0.0851071842959019,0.06572397443983351,0.05753195080419159,0.02628596177824856,0.012660066919809391,-0.0006747081155567608,0.9921066055065135,0.00303285645035492
0.08509842621685562,0.06571721101829463,0.05846090833261285,0.028155422159748228,0.01247530285144351,-0.000718856835019611,0.9920045113279169,0.004404247260313523
0.08509612800384479,0.06571543622461028,0.05804705943249238,0.029953837057353366,0.012374230356158634,-0.0007190095220331262,0.9919777207305335,0.0028673328117973544
0.0951823720417478,0.07350453241931286,0.0651427474379636,0.0348639431307202,0.013501309451538705,-0.0007915643447618841,-0.9898966692341772,0.004633351326180983
0.09517731317472641,0.07350062571214637,0.06519447031884223,0.036357733632745484,0.013220147291561773,-0.0008389368918212793,-0.9898440570171546,0.00359944964414941
0.09517202590832,0.07349654262368531,0.06569315708739924,0.037062706089440046,0.01296947673743151,-0.0008362496171850646,-0.989789069446528,0.005243710169651503
0.09517774876925261,0.0735009620997703,0.06473019658247116,0.037173709305019516,0.012887041349396423,-0.0007875782495852218,-0.9898485872002271,0.006871214122062824
0.06877657846339705,0.05311267341745638,0.047284393867472956,0.026194051169059502,0.00932076599462533,-0.0005664377103324764,0.9947058290906166,0.006344114945212223
0.08587841627583499,0.0,0.04927073178331947,0.009876017871721024,0.04445475822394732,-0.001644616757850785,-0.9940426683927899,0.005949972630125901
0.1454321033210738,0.5166911766791111,0.067646461441376,0.030217559245600895,0.018136655007085837,-0.0007896372755994825,0.840274374743982,0.007071692821827689
0.14541196431136758,0.5166196268054267,0.06912027660617223,0.031538239370643276,0.017916825315807676,-0.0008626353127579383,0.8401580160212349,0.003002513103467602
0.14540129650777497,0.516581726232823,0.06961310018964371,0.03276375881308529,0.017880491795969216,-0.0008343311861047672,0.8400963798226998,0.0039740060265801395
0.09593192999353141,0.3408269608810184,0.04622499766079476,0.022234889551834055,0.011703582472715504,-0.0005512074314497793,0.9337374519370389,0.004897365902775533
0.09593035748938136,0.3408213740882741,0.0464643376428407,0.022575610795834415,0.011497962163854918,-0.0005613438415098559,0.9337221462299786,0.004798561199409968
0.09592878387780528,0.3408157833610666,0.04691757228246222,0.022426017919878034,0.011371970415952174,-0.0005654603491968453,0.9337068297439712,0.005695268940091466
0.09592648669519269,0.3408076219306806,0.04721166252188906,0.02287313782754261,0.011364302162094556,-0.0005609419299080027,0.9336844704998754,0.004680508490442402
0.07965079328269102,0.28298333837474465,0.039832765224732974,0.01895688880128046,0.00933450745209908,-0.00047947373872240487,0.9547475088151897,0.0037008287080684543
0.2348129827864824,0.013573690860018688,0.1031711726878847,0.039166805528785265,0.033378113692588925,-0.0020396205556178215,-0.9650813592524428,0.0008678122366732245
0.23475585699042378,0.013570388623972663,0.10514401670287855,0.040002398031168215,0.033414120453363304,-0.0021597855763525924,-0.9648465722306417,0.006064207832530836
0.23473885337396067,0.013569405706287984,0.10515811435383007,0.04168962035921541,0.03344944389330578,-0.002089665460276388,-0.9647766873669783,0.002584578166689784
0.12439819822148894,0.007191010761688696,0.05579109912395914,0.02296390739168686,0.017802333811711462,-0.0011403001891378197,-0.9902096578430519,0.0017200439299219702
0.12439416556572862,0.0071907776484170785,0.056069264474681274,0.023933437454846187,0.017460380555318657,-0.0011624881072565159,-0.9901775579031997,0.0016820051519817805
0.1243901761730393,0.0071905470360274166,0.056412739844715495,0.024430230600384916,0.017494674718199897,-0.0011718323824349757,-0.9901458023373927,0.005056088879301046
0.12438528590208701,0.007190264347117543,0.05700387343405218,0.024752671894515316,0.017365625049689234,-0.0011287142508874582,-0.9901068757806125,0.00501598426987333
0.10392217465770141,0.006007365757911204,0.048198948722979924,0.020555806147293337,0.014456348715087466,-0.0009711007610888908,-0.9930803010289947,0.006639973971302032
0.13580923494732164,0.12634236826055462,0.06050214005141049,0.01876636701090263,0.024466158373330264,-0.0015559471445726896,-0.9802957504379399,0.004763606049779683
0.13580729042384793,0.12634055928415544,0.06065621508175145,0.01938340417867648,0.024185161065368437,-0.0015454241232862752,-0.980281714513957,0.004708962568456543
0.10727848154182751,0.09980041067640211,0.04808756959853495,0.01537008062817456,0.018608369366817704,-0.0012461523030398377,0.9877422373232991,0.00451074233286572
0.0793294387734094,0.629746040228476,0.026665235632435856,0.003226063843451982,0.014301135068314727,-0.0009056761727409818,-0.7721398707278514,0.0037427390861728247
0.10486724361323974,0.710199371293444,0.028742014129516748,0.0010486724361323974,0.016709190048705337,-0.001003501000013371,-0.6953504922662512,0.0030416678072920944
0.10486417088181899,0.7101785616311703,0.029788160036797077,0.0012099712024825266,0.0166062634814784,-0.0011735407442002082,-0.695330117693292,0.002970673511098436
0.14589272520327537,0.98803895425904,0.044032451252977105,0.0024465087764856948,0.02338401369308682,-0.0016380886809403445,0.0,0.0029306176276650306
0.15868981635836393,0.035925937147196864,0.052660153470252165,0.012808535177496517,0.05073845266561434,-0.0012844715322127538,-0.9838768614218565,0.0036872068670540693
0.15868571972315734,0.0359250097060899,0.05383685754352151,0.01355629434206401,0.0498059840984629,-0.0013114105249361168,-0.9838514622835755,0.0036165580493732505
0.1586853692103682,0.03592493035316908,0.05390767098607101,0.013896304475136527,0.0496809206909821,-0.001261410628951214,-0.9838492891042827,0.0035577059911768892
0.1393671669128959,0.03155146432073931,0.04817752434495296,0.014195541429842112,0.043239324533289034,-0.0011697128129149429,-0.987515925554234,0.0035113715768516343
0.1393713707384045,0.0315524160287598,0.04830811807261088,0.014454802165154521,0.04230390683878985,-0.0011381368769474572,-0.9875457126606947,0.010305913876913035
0.13937721664324687,0.03155373948866892,0.048061930448694425,0.01425629815950925,0.04166168186951379,-0.0010567465081911473,-0.9875871350721492,0.006668978579240804
0.13133929790278273,0.029734027486406148,0.04559710157842276,0.013302794601867564,0.038957051992827785,-0.0010029787401443586,0.9889849132079539,0.013193308354002849
0.18391180071410176,0.0,0.05564763663666204,0.018808046819695473,0.02515514958200698,-0.0010791017550427892,-0.980862937141876,0.003991585737265844
0.16627958122627445,0.0,0.050224060220460456,0.017936024161607472,0.022621576573883164,-0.0009107060609277853,0.9843751208595447,0.0077740246514321695
0.16627455174357494,0.0,0.05065281528603151,0.018201520930863333,0.02278283377268853,-0.0009757261169583812,0.9843453463219636,0.007785191009661422
0.16627127208781264,0.0,0.051188174062190755,0.01811248390609906,0.02251714070377259,-0.001006602955794176,0.9843259307598509,0.00382554007061947
0.13958214277384967,0.0,0.043006238985812975,0.014907372848247146,0.018731918907512534,-0.000921091337760355,0.9889860089336496,0.007553469119529871
0.16614048090658165,0.07052947410868941,0.047569179467825566,0.013893497715812891,0.006480160969706407,-0.000898075276998943,-0.982305593360164,0.004605650749665611
0.1661281874374377,0.07052425532089632,0.04890116307431163,0.014577748447635158,0.00644405154624956,-0.0009531275612751628,-0.9822329082238505,0.0018852799603035451
0.1661241426489287,0.07052253823903364,0.04908806236581582,0.015594903891168181,0.006411563362087186,-0.0009418341298686006,-0.9822089934117908,0.002604001010352392
0.15866781668018506,0.06735720040872994,0.04742336097128732,0.015985782530528646,0.006074566619711403,-0.0009007609636540568,-0.9837404634171474,0.0014593373878590426
0.15866350103411214,0.06735536834320141,0.047693742670944554,0.016877829922503678,0.0060084955526487314,-0.0009139810977070029,-0.9837137064114952,0.002869915003879766
0.15865827150673079,0.06735314831943578,0.048101399954608555,0.017690397273000483,0.005892026782408464,-0.0009101012292178315,-0.9836812833417309,0.0038697689079547322
0.15865562989496812,0.06735202691008749,0.048292027014435746,0.018106573761763237,0.005888623091913238,-0.0008976582833413522,-0.9836649053488024,0.0020679700392500716
0.15858768049975905,0.06732318123031125,0.048997111002985115,0.01827723017759723,0.005845511870679124,-0.0008772193297138906,-0.9836400882997554,0.005107594891451691
0.21039603224006806,0.027748064622873027,0.05635469604737926,0.016559405361012417,0.020114032711847456,-0.0011165056539914435,0.9752474906186684,0.006117492562148627
0.21037055508211427,0.02774470456984455,0.05760191436708194,0.019180844728075127,0.02025313190922729,-0.0010228940929033576,0.9751293964982709,0.006076675491349852
0.15417205267304668,0.020332969377157204,0.04254628821890252,0.014782379168062711,0.014459561027653901,-0.0007939026823235828,0.9867011371074987,0.0019539264151312062
0.15416956454120936,0.02033264123008011,0.042830653848207736,0.015090479729210139,0.014415639642502445,-0.0007881860946862677,0.9866852130637399,0.0019480228542041256
0.18813103772056944,0.0,0.043769417546392735,0.010598048458258746,0.038055723245299135,-0.0012819746412357131,-0.980371741010523,0.00558450189035389
0.1881124328859872,0.0,0.04493844558474674,0.010764211437364822,0.039217143887636884,-0.001316752020388012,-0.980274789150311,0.005642990559276795
0.18810215827319754,0.0,0.044839301333529334,0.011181628297351188,0.040575067205955564,-0.0013989802283175784,-0.9802212470014404,0.005422817044998536
0.16328498593406612,0.0,0.039233202931454984,0.00988781303711845,0.034259625716673923,-0.0011578167332811033,-0.9851527484688655,0.005238097732427492
0.20323987851768344,0.0,0.044268255569065044,0.01364916236781916,0.025832796201521586,-0.0009854767326238128,-0.9776907840271719,0.0037354899562013805
0.20323135549872362,0.0,0.04502101321362955,0.014162016562121583,0.025871675655517602,-0.0010575412062693084,-0.9776497838201758,0.001870634406952774
0.20322719183188692,0.0,0.044978969435656616,0.01482488883573659,0.02635821701590242,-0.0010635808445561073,-0.9776297543912876,0.003773762913344969
0.18394750517327302,0.0,0.040972128451627406,0.013495938011133819,0.023854264063631843,-0.0009581131384679953,-0.981698790766836,0.005638249887235002
0.1839426547607799,0.0,0.041254197784991585,0.014115178454800899,0.02411024958859598,-0.0009779308335999156,-0.981672904881215,0.005690224194833277
0.18393841362493923,0.0,0.04179369831297085,0.013998681373771691,0.02420334350555178,-0.0009633643720522828,-0.9816502706088863,0.005712327202102137
0.18393576424556746,0.0,0.042062285355230905,0.01421145799539437,0.024208354197062357,-0.0009458212241668719,-0.9816361312895022,0.007577723765446716
0.21402071658793656,0.0,0.049406171027454995,0.016175460474751414,0.028308664365463858,-0.0010709112295385962,-0.9750333277816732,0.001892426886087256
0.2419078861455368,0.03839035214479878,0.05299635358133302,0.025593854354197795,0.015225958128990292,-0.0006787766917355006,-0.9676315445821472,0.00321949554797424
0.2418848356704591,0.03838669407531854,0.05459504013346339,0.02597843135100731,0.015158264724714649,-0.0007335266489882724,-0.9675393426818364,0.006367547581499302
0.21508907434157667,0.03413425431490126,0.04928210455913668,0.02452015447493974,0.013283111854432943,-0.0006178718653485292,-0.9743535067673423,0.004151685999684472
0.2150819145909858,0.034133118075191045,0.049688520721851676,0.02512156762422714,0.013141819001104534,-0.0006301801697539958,-0.9743210730971655,0.0030652906917339327
0.21508167743703457,0.034133080439279935,0.049804875665906224,0.025035507253670822,0.012946788878311324,-0.0006505406228157842,-0.9743199987897666,0.002013202582536273
0.2150770110369178,0.034132339889864256,0.05029631823121192,0.02494893328028246,0.012885112101928962,-0.0006317371552075499,-0.9742988599972374,0.002983035477240931
0.19366766624213347,0.030734714872519,0.04591732545941265,0.022484816050711696,0.011539436125071406,-0.0005722813399947022,-0.9791837205202268,0.004908047725856087
0.23573813351373207,0.970811954417327,0.04210085942573136,0.0039738713935171975,0.012738388439924569,-0.0010681805034181875,0.0,0.0045782814178021896
0.23572700312090028,0.9707661174614752,0.043228972701323864,0.004175735483855947,0.01258313885686074,-0.0011869950625450888,0.0,0.00190968100052007
0.2357190258803115,0.970733265752626,0.043643460704634505,0.004400088483099148,0.013712174212858612,-0.0011538789793136101,0.0,0.00439652373149299
0.23571217809791958,0.9707050653553961,0.044259052727832815,0.004781589898557797,0.013728157862158669,-0.0011205003790244127,0.0,0.0062210836256724215
0.23571064342959355,0.9706987453157201,0.044442478565137805,0.005050942359205577,0.01350997327990442,-0.0011283256361395556,0.0,0.002446411359177223
0.23570490253466744,0.970675103279787,0.04494226905587523,0.005207955941718367,0.013597530736533327,-0.0011043544653097448,0.0,0.004231662995195249
0.23570208188942357,0.9706634873562997,0.045237384706090296,0.005230341436212923,0.013490539976672496,-0.0010727492017170344,0.0,0.001793058353888755
0.2356978670308352,0.9706461298119654,0.04566054123127867,0.005275142738309169,0.013370194960449566,-0.001063902460118465,0.0,0.00294134776084019
0.18900676439731415,0.0,0.03813578316663074,0.012560358615857876,0.008581798442356526,-0.0005116645762379833,0.9811169315533307,0.0051225834212710155
0.18900337349475124,0.0,0.03846069166131878,0.013109961270590472,0.008390633804157093,-0.0005757371794341252,0.9810993296863906,0.00250428232277194
0.2851014265902892,0.0,0.05869345487662597,0.020890159075615734,0.012712641509687185,-0.000804968197399219,0.9563856946528791,0.005017788058667978
0.28509191868091244,0.0,0.05918002452834556,0.021019049640929093,0.012852536296564684,-0.0008624415414187821,0.9563537999386972,0.0074947536724293
0.28508867935129545,0.0,0.059359942820778416,0.02109656227199586,0.012780327747443714,-0.0007962396969346813,0.9563429334602547,0.004968487368862987
0.28508166171414184,0.0,0.059627866963035764,0.02138112462856064,0.012967902181588895,-0.0009296396882512304,0.9563193924774395,0.00497882753590357
0.23775470552809097,0.0,0.04989749359292389,0.017637076337356564,0.010704634359897353,-0.0007216742570110464,0.9698230579132219,0.004915756227648671
0.21015032745620685,0.43709586908271375,0.038118820692392516,0.009831380536646894,0.015491215855583997,-0.001374047083779078,-0.8734944045571031,0.007161323126060771
0.21014732779444426,0.43708963002622053,0.03846987591020232,0.009630229717188882,0.015669101905516944,-0.001367223357156034,-0.8734819363977769,0.003554272857973034
0.1859793459880735,0.38682216130751385,0.03427082647420688,0.00895935284151241,0.013817359768359483,-0.0011848279184535192,-0.9024041309682174,0.005279468674272621
0.18597872540243748,0.3868208705390378,0.03435028675389328,0.009153387702415618,0.013733741291498087,-0.0011851070568217673,-0.9024011197787836,0.0017582324840484356
0.18597674781793994,0.3868167573214896,0.03472620663053554,0.009088602806407152,0.013600851521421584,-0.0012195481031185755,-0.9023915241948737,0.0017412380899314648
0.1859752753935204,0.38681369479649097,0.034933749361668105,0.009007672034277468,0.013704907783238691,-0.0012100298552556626,-0.9023843797355163,0.006910981376632935
0.23769794142435283,0.49439270232733995,0.04506067779252841,0.01136816241594731,0.01751159799613146,-0.0015034145728986478,-0.8346298151926407,0.0034265879236761807
0.22094945733576246,0.23830184264858265,0.039888184133636546,0.009666538758439609,0.022713841734783018,-0.0012525296994669326,-0.9445589301103845,0.004445452080249301
0.22092385489746674,0.23827422950892735,0.04199911144944868,0.009904752827903093,0.023869892800448586,-0.0011920299148644592,-0.9444494796866703,0.004589556006351946
0.2085516488658086,0.22493036557496132,0.0396902029160751,0.009784548192620852,0.022554006632042052,-0.0011469769777480703,-0.9506479327466442,0.009091074383170602
0.20855348346224634,0.22493234425242406,0.039505117603773086,0.009958428835322261,0.022414494188588388,-0.0011219612577917809,-0.9506562954487396,0.004485954476533972
0.2085531973492942,0.22493203566943626,0.039728310915045854,0.009819379708529268,0.022144106369900645,-0.0010537848427901216,-0.9506549912505328,0.00442415233241311
0.21396911335343993,0.08632179904558522,0.03394637956757846,0.0037487388659522675,0.016681626055292845,-0.0010665291310978666,-0.9722756510780309,0.0013002463966921732
0.21396099477952085,0.08631852376021625,0.03481585032114877,0.004330570534337502,0.017013610024465366,-0.0011126458703759204,-0.9722387602781427,0.0012850249616098792
0.20705772049955085,0.08353352808578075,0.03418887966797281,0.004455882145150335,0.01686212893977929,-0.0010605338251888532,-0.9739995172298872,0.0026084835711183483
0.2070550159657351,0.08353243699267439,0.03443613467380424,0.004704289962741501,0.017056567737329102,-0.0011709314802829589,-0.9739867951028178,0.005240266205523241
0.2070517216884938,0.08353110797871735,0.034872790579452306,0.0048035999431730566,0.017078648840372114,-0.0010868642623767981,-0.9739712988226749,0.003935350069065394
0.20704755432056066,0.08352942673280463,0.0353016850333458,0.00505196032542168,0.017302394319699765,-0.0010657331433265049,-0.9739516955239172,0.001312299792262943
0.4487725164790353,0.030406749280706646,0.07858450357919967,0.03217353733526623,0.017156997912836036,-0.002031470874329371,0.8889147922565508,0.009155305368671068
0.44868951403374174,0.030401125419059483,0.08041122857765938,0.033513655240520246,0.016810043922353426,-0.0021304773181605873,0.8887503835668347,0.0025600098304377488
0.44865637920428,0.03039888035632746,0.08097291316308965,0.034339469023712196,0.01680262764173745,-0.0021527915280989593,0.88868475111617,0.0025324469768914218
0.27536155690530223,0.018657225019161137,0.05053891439335949,0.021753562995518876,0.010130335625632191,-0.0013305961844134989,0.9595291175238608,0.006155209769548946
0.27535523204588164,0.018656796475951434,0.050925557504846806,0.021986056220278858,0.009953702540334569,-0.0013086142495124075,0.9595070778214183,0.0036288156997082432
0.27535374871673324,0.018656695972431588,0.05110809158344895,0.021880032494183493,0.009790236743031464,-0.0013060724099376606,0.9595019089898473,0.005918266374067577
0.24089524037531626,0.016321946884084615,0.045097655138205496,0.019086315198967366,0.00844033140627618,-0.00111924755848381,0.969140082433003,0.0011619530106202506
0.242219622916678,0.22937724616280147,0.03606213741353228,0.009688784916667121,0.004747273782837346,-0.0006386339252968555,-0.9419652002315256,0.007055656784631368
0.2422092653357492,0.22936743773621016,0.03716377692647145,0.009975433446420486,0.004644974465475802,-0.0006801367681288201,-0.9419249207501358,0.006843081302648957
0.2422058424859058,0.22936419636434416,0.037402791519978246,0.010477645334205109,0.004660865703410632,-0.0006643276568282652,-0.9419116096674114,0.002222768035261992
0.23349534341431416,0.22111552408219542,0.03701644054227964,0.010671601991602359,0.004454243910167547,-0.0006201452119202158,-0.9460885396120731,0.00487953512126729
0.23348951822130523,0.22111000773833084,0.03752937820123376,0.011207496874622651,0.004439522482690657,-0.000610864444196109,-0.9460649367929924,0.006351000758944591
0.23348300909768155,0.22110384372554873,0.03819311603812332,0.011483905040063745,0.004342031980977205,-0.0006041857121458417,-0.9460385627883838,0.006729349696351036
0.23348150048160135,0.22110241509562262,0.038341127417495346,0.011518420690425668,0.004437080705659756,-0.0005572956099054574,-0.9460324500995255,0.007597845048535034
0.2362979813890975,0.2237695674371726,0.039329418518847206,0.011307295998322739,0.004481679500581529,-0.0005498509622602339,-0.9446668189310808,0.005484875455930272
0.28784357152924583,0.0,0.04183523814272388,0.011842706942917542,0.034920743136481525,-0.001009568510407565,0.9560518625792809,0.004767603182851884
0.2878221028304267,0.0,0.04218207152145724,0.012109087040508665,0.03650593491534664,-0.0009866950392413048,0.9559805558296316,0.0023834777323592854
0.28895168334357335,0.0,0.042502666761026466,0.012094691888523855,0.037056312454921136,-0.0010218022943128183,0.9556044956291032,0.006977003795490065
0.2889464363335414,0.0,0.04332156376772294,0.012383418700008916,0.03649827323327751,-0.0009685737374032099,0.9555871430173547,0.0022498858182947216
0.2751159732386835,0.0,0.042070714976518535,0.01175138228548091,0.03549302612577769,-0.0009164497248386034,-0.959761723784093,0.0045725468857526295
0.24423872458387727,0.0,0.03631142849984176,0.005541692440558319,0.030672000985932455,-0.0012315904443236728,-0.9685328733498582,0.006832794681352621
0.2910543935220997,0.013164599590390878,0.03789959339714207,0.010797179114529504,0.005960889745616922,-0.0006612469460854285,-0.9557850729209597,0.0013508301864618448
0.29103795015545714,0.013163855845089018,0.03924052946544812,0.01117210195758045,0.006056270667703327,-0.000650590317697132,-0.9557310750266301,0.0006783234286807355
0.29103787915224033,0.013163852633562447,0.039091159252532114,0.011622738528724953,0.00621385118043332,-0.0006364499427921531,-0.955730841861228,0.0013480050199706944
0.3516254625321815,0.015904272613808456,0.047696459317487824,0.014700212885216363,0.0075539596030976845,-0.0007947805075198811,0.9346431649242503,0.001330613559218291
0.35161840677471234,0.01590395347682253,0.04796197000596522,0.015130934020563428,0.007671959068359844,-0.0007857031261685156,0.9346244102656871,0.0059216915509304946
0.35160473218474253,0.015903334965281315,0.048639802060139035,0.015561344921208605,0.007603269045350795,-0.0007446506869452396,0.9345880623233156,0.0032605002781206736
0.2702771186966043,0.01222482850380054,0.03851592362671855,0.01224093789193653,0.005938878468532748,-0.0005440728531408855,0.9618377978906253,0.003808977251518195
0.6341917916622534,0.0,0.08842904775125704,0.024297473018060085,0.033685824352851654,-0.0020619307283270836,-0.7669756980415378,0.0024316405062675536
0.5814668371157553,0.0,0.0804819787734466,0.024712340577419604,0.03109851089777184,-0.0018543926861941415,-0.8086023203640973,0.002393638665881553
0.5813125422764744,0.0,0.0825446861138783,0.02822999033430129,0.03116064300075594,-0.0018503988425015978,-0.8083877541032223,0.004680289429098295
0.38697163272939006,0.0,0.0551288252990755,0.018550452643965137,0.020543623804805344,-0.0012260284381121105,-0.9200250568141248,0.002305050365350483
0.4585635339168572,0.20796235620234807,0.05954074383944159,0.02284480150785798,0.01208373455148749,-0.0008668776757871053,0.8615436091771257,0.0060683330713836225
0.45852461837137354,0.20794470768053352,0.060716408538420336,0.023454228963966015,0.012054163974432238,-0.0009343115770495969,0.8614704951219745,0.005995423094010033
0.4584941008816932,0.20793086774650063,0.06122231715042627,0.024814256490142548,0.012268564380904508,-0.000919609676519579,0.861413159232272,0.0017826921979881725
0.6791835558743737,0.30801536128935436,0.09105605239024196,0.03819892968796478,0.01808645125066983,-0.0013589522386727932,-0.6586022359993927,0.002931220665809187
0.6790960620905082,0.3079756821345591,0.09192686737830905,0.03938757160124948,0.018180898680299786,-0.0013730439550589358,-0.658517393542311,0.00521057979279261
0.6789939665211929,0.30792938094926586,0.0931489127811483,0.04036927764589638,0.01799103153332544,-0.0013547688843738332,-0.6584183917781264,0.005729933343685413
0.6789260232074703,0.3078985680944162,0.09378077783075754,0.04139391389980092,0.01788444705850817,-0.0013262708766372318,-0.6583525073526985,0.004509959117220603
0.3390827450488863,0.15377683001874262,0.04731860250255966,0.02075597409087122,0.00891241942864675,-0.0006555410673293351,0.9266206651063202,0.0027871752035055976
0.3561282858613929,0.11295555468360012,0.05222773190396886,0.01807874768814012,0.0024392820496444098,-0.0004826847254359641,-0.9259335432396216,0.0027912552237021326
0.3561045517380368,0.11294802677532927,0.053379698395752385,0.018391752730940958,0.0023931254390530798,-0.0005115710325706929,-0.9258718345188957,0.001981761918462975
0.3560960245443343,0.1129453221491235,0.05365000309553617,0.018894036125822914,0.0024114624834646325,-0.0005029283451025705,-0.9258496638152693,0.0022375013894161853
0.33211906472969605,0.10534039183886179,0.05050983271128106,0.018247012144560947,0.002223297719592476,-0.00045387462693877097,-0.9357943059148494,0.001977335916958106
0.33211291368926943,0.10533844087284518,0.050667354171407344,0.01881321975780979,0.002221022399704555,-0.00047807986038484027,-0.9357769744538826,0.003199550838706608
0.3321015709563132,0.10533484322350486,0.05124935767146224,0.019047001863670903,0.0022104441254367255,-0.00046254820609382686,-0.9357450146357296,0.002319642032841492
0.3320963760773855,0.10533319552953029,0.051538531817751435,0.019085774083976804,0.002214239889693353,-0.00043130088926705525,-0.935730377300398,0.0018238171059994396
0.3267061944958185,0.10362355612552013,0.051306200226777794,0.018603035074820723,0.0021757231560387467,-0.00042010608563195244,0.9378389583174084,0.002461869140210833
0.36298608327350745,0.6569993054361187,0.038262889367681165,0.004638155508494817,0.016305608108503084,-0.0007895073348033257,-0.6594247179468719,0.0033138259446060855
0.36297808900544115,0.6569848359321653,0.03892540022894722,0.004476729764400441,0.016125500233743206,-0.0008759577807376035,-0.6594101950265515,0.006541184935651093
0.3629667068104458,0.6569642343318535,0.039489991273111744,0.004658072737400721,0.016637473316292728,-0.0008163116598259005,-0.6593895173723099,0.0032806138684670673
0.45116419357726667,0.8166003477179167,0.049456628925810944,0.005990457903609263,0.021305305408323455,-0.0010303006093691767,-0.3559184193776215,0.003373068075259895
0.45112325366211725,0.8165262470924183,0.05112902261567128,0.0060651015214573546,0.021580420679039175,-0.0010434453288561494,-0.3558861223334481,0.010250802979566733
0.4826812017392145,0.8736456544830852,0.05611213618229529,0.006194408755653253,0.02395800077784523,-0.0010952453450389834,0.0,0.0034763987290286247
0.5949016824268082,0.0,0.06835745919166976,0.015917639610879462,0.11332551301363508,-0.001829320036600924,-0.7926662957740985,0.005536761326829485
0.5947840886969075,0.0,0.07016025688294081,0.016782556448637066,0.11380855314047049,-0.0019756410983614477,-0.792509610074528,0.0027796385913903474
0.5946740747568158,0.0,0.0703047269200958,0.018065234054774622,0.1151120764182856,-0.0019198099417776957,-0.7923630239327302,0.00555852009960868
0.37388833082661166,0.0,0.04416217690526302,0.012227158927032435,0.07112954677563689,-0.0012981125966833344,-0.9236052280419543,0.0027167047458115205
0.37387816555815034,0.0,0.04455229833306577,0.012348084278704317,0.07124458220675879,-0.0013083136836043868,-0.923580117081485,0.0027107102874166116
0.37388710035535033,0.0,0.04484418656056305,0.01206543777903482,0.07077794470604051,-0.0011577447409190753,-0.923602188445379,0.0026836055851199437
0.3738990834123323,0.0,0.04505207067689267,0.011641398488946129,0.07026542988701039,-0.001162050662502595,-0.9236317898347886,0.002652906922760615
0.5928667971669203,0.0,0.07237661777819436,0.017305301106493892,0.11222376084275443,-0.0017831343803906623,-0.7939608053951595,0.008056438033906863
0.29939586817563146,0.01190413020448106,0.03410698505890522,0.011676438858849628,0.008002312643771914,-0.0007671934818427149,-0.9533394749803002,0.003239781930278273
0.29938380187321284,0.01190365044223199,0.03513966164099674,0.012069894328151634,0.007976746563764925,-0.0007983363733638433,-0.9533010533331252,0.003982956134110913
0.29938080765696,0.011903531390688789,0.0353277704184058,0.012353397537002982,0.007965150867101867,-0.0007849220376402094,-0.9532915191182147,0.003921667053604482
0.3062660709020291,0.012177292918063473,0.03661298365150869,0.013250037383235155,0.008076090410321158,-0.0007854217567182872,-0.9510367464852484,0.0015439782916652192
0.3062637110542903,0.012177199089331245,0.03666595596399039,0.013717390426694792,0.008008521454474017,-0.0007775911506269741,-0.9510294185370067,0.003781072856736662
0.30625858571555176,0.012176995303286841,0.03691729646016389,0.014313559163968944,0.007896836045983336,-0.0007692706800356185,-0.9510135030114502,0.0007456810155578887
0.30625419011129185,0.012176820531852098,0.0371337799322793,0.014716319766926814,0.007958621996897586,-0.0007398470994202845,-0.9509998535034851,0.0036792300107433514
0.2868776335335726,0.011406398903052754,0.03520114940603918,0.01441937579076641,0.0074631978854311195,-0.0006674222488040242,-0.9571143784049035,0.0050845413961569585
0.3635088374621295,0.020189964974920253,0.04357271382007308,0.014316655752354638,0.00769881108436528,-0.0007805300905092417,0.9302097943261671,0.0029394560242681487
0.3635013490727312,0.020189549055679542,0.04385852556824534,0.014782388195624403,0.007866870099099295,-0.0007503749587593823,0.9301906317297071,0.0029306777485361263
0.45558608127728434,0.02530410839050873,0.05558664186136105,0.020162604520117765,0.009965563536533986,-0.0009423528711347954,0.8878087737711182,0.008646205900747321
0.45557915289874984,0.025303723575325357,0.05576971849764544,0.020442654296738777,0.0098983519009077,-0.0008777728346711754,0.8877952723155126,0.002843461744065695
0.4716649980001006,0.0,0.050642404344546935,0.022663503153904835,0.025662384586064325,-0.001405659281528386,-0.8796552212701876,0.009049159559305929
0.427615263130078,0.0,0.0457445939074427,0.02061105568286976,0.0231985748827567,-0.0013096757607486203,-0.9022682052044646,0.004474312969243573
0.42761469540136865,0.0,0.04585489090561751,0.02005512921432419,0.023520949527662496,-0.0013436985749287179,-0.9022670072968879,0.004490204618624471
0.42760954218073566,0.0,0.04633246670699117,0.019905224188513246,0.023222958966337425,-0.0013140961204417298,-0.9022561340013523,0.004433370869206693
0.3976185201999975,0.03587824695652137,0.04750829094338178,0.013460841610673086,0.006831521229885133,-0.001015796518455568,-0.9154923977287748,0.002563875759708436
0.39758391495628875,0.035875124427220795,0.04916309354639002,0.014022105878702281,0.006689915198930721,-0.0010823934078775833,-0.9154127212652112,0.002497315385960093
0.397576970553555,0.035874497814063745,0.04926734061402598,0.014836408901144859,0.006774352789259151,-0.0010553819932253804,-0.915396732201356,0.002446945630703295
0.37481159153772553,0.03382031308952448,0.04718741999694936,0.014571943339295965,0.006304644988644283,-0.000991078501567089,-0.9251447088687275,0.0047726944604528565
0.3748064398844849,0.03381984824123948,0.04733664920450396,0.01504710731828932,0.006245483170790201,-0.0009828570298817964,-0.9251319930807287,0.0040631647990619895
0.3747996846269011,0.03381923869518583,0.04772393859417824,0.015101684853747332,0.006044472582009906,-0.0009648644711445762,-0.9251153191278633,0.006179584338686164
0.3747972322352952,0.03381901740893481,0.04787101305283672,0.015101586040309943,0.005966864265284573,-0.000927168456749883,-0.9251092659076068,0.0054621766118336966
0.3455476615852453,0.031179745680276743,0.04489581679453721,0.014024178265313368,0.005392604501831389,-0.0008390332950463023,-0.9366870026483942,0.0042479304613783474
0.29473045658169306,0.03531846989051314,0.02929667544425491,0.010175218143891784,0.010540836187455651,-0.0007219868138349356,-0.9543652879788156,0.0029793752746611582
0.29472145514410264,0.035317391220170774,0.03023389241142422,0.010483663190125938,0.010485036451763359,-0.0007384583935732283,-0.9543361404666182,0.003433804827439044
0.29471969587893326,0.035317180401938285,0.03028341430942117,0.01083445739135888,0.010555035051123186,-0.0007226719914180887,-0.9543304437984504,0.0024363135457571355
0.3100364666284607,0.0371526368145915,0.032482880103328705,0.012076658557241944,0.010998751820986523,-0.0007579466224031184,-0.9493021335338107,0.0038475874424364846
0.3100306657444941,0.03715194167657255,0.03288604963354062,0.012607913740276094,0.010903762274532318,-0.0007464861899924668,-0.94928437177957,0.0047420153944787765
0.31002649992079545,0.03715144247292534,0.033273058201049505,0.012696323330089718,0.010858204262075982,-0.0007377618683040189,-0.9492716164241498,0.0023468184651431745
0.3100253489170594,0.03715130454455762,0.033399316505049174,0.012711039305599437,0.010795847378486005,-0.0007194594697038864,-0.9492680921603296,0.004626838532126222
0.28502725637764337,0.03415570514531837,0.031108712198280687,0.011536817520047468,0.009908035371204348,-0.0006401930020502101,-0.9572843996340565,0.004586842458932853
0.3274140209677634,0.0,0.032041550819817965,0.009137135468867815,0.015177083539259914,-0.0011497474567443758,-0.944170665116341,0.005080474719557795
0.3273972466670811,0.0,0.03308739008711072,0.009639184053035458,0.015976289727857154,-0.0010991765627913791,-0.9441222927143734,0.0017722200955581076
0.40203368546920404,0.0,0.04090286508634416,0.013893536200168305,0.01966159576225619,-0.0013777570051075744,-0.9143928939276315,0.0017480714401836176
0.40202635595005437,0.0,0.041180759174416826,0.01428595981143449,0.019727683851732878,-0.0013438285370023773,-0.9143762235329144,0.0034992319185938687
0.4020197723641262,0.0,0.041555000958335774,0.014341821646664409,0.019730502154870783,-0.0013449916473502312,-0.914361249702594,0.0034997891377044534
0.4020154927345289,0.0,0.0417590320858865,0.014322970578355776,0.019850922007991937,-0.0013510652464217882,-0.9143515160334169,0.0034864950613797455
0.7404540243289303,0.0,0.07786830801297578,0.025692032658110788,0.036831612418586554,-0.0024829124758018882,-0.6660642246754191,0.0017474696639266343
0.36326478017969555,0.3131139719913671,0.03274041644742533,0.007909264986639734,0.010199591633548596,-0.0008490127434151501,-0.8767890830700834,0.006750890780038426
0.36325313361575096,0.3131039333030722,0.03366526515207699,0.008288776048868499,0.010021100522371084,-0.0008992373426998402,-0.8767609724998352,0.0026387661129655773
0.36325002427086345,0.3131012532212665,0.033837895556362706,0.008503352840886122,0.010114311385455524,-0.0008789446413524437,-0.8767534676719477,0.0013117059260250325
0.3220098080889045,0.27755448788902526,0.03023515703645748,0.0076696881562993615,0.008954401905545988,-0.0007674610881240521,-0.9045548245406498,0.003934230162955813
0.3220088410535403,0.27755365435849744,0.030266789230245197,0.007947763667821472,0.00893942429024478,-0.0007747728116567636,-0.9045521080503994,0.002598941710935307
0.3220013512938113,0.27754719860350563,0.030971672164987626,0.008196398032933379,0.008900355191668149,-0.000765798542800502,-0.9045310686344334,0.005175286969662468
0.32199971691308915,0.2775457898585142,0.031084298290337983,0.00826953818435888,0.00901067395551466,-0.0007464684889675076,-0.9045264775104049,0.0025598197886868767
0.7526787230567348,0.09105137786623475,0.07222785312182885,0.023818100036284227,0.0199091902071623,-0.0013279813454998577,-0.6473037018287919,0.0014498174679807812
0.7525357449370365,0.09103408183486776,0.0742236958807242,0.024984186731909608,0.020615594654529265,-0.0012116574684627912,-0.6471807406458514,0.0014924548942819576
0.7523983258034473,0.09101745827281507,0.07621908736135932,0.025949382258821117,0.020940909043408104,-0.001176191932880557,-0.6470625601909648,0.0014857052865851212
0.7410295181382435,0.08964217613595707,0.07519122776416216,0.026709997298227355,0.020555944757960742,-0.0011854942475940005,-0.6603396372743014,0.0014711691307523632
0.7409734754162217,0.08963539666032803,0.07584145584788006,0.02766300974887228,0.02055995074332305,-0.0012001443645029987,-0.660289696982011,0.002193134757165154
0.7409275971526753,0.08962984677698199,0.07660308827465166,0.027924737883798605,0.020373088558214538,-0.0011843289669950308,-0.6602488143516062,0.00579556436481339
0.7408827841382718,0.08962442575658805,0.07708388154290252,0.028779180148304426,0.020318654377181746,-0.0011756851575873556,-0.6602088809765488,0.0028633911857660825
0.6450773139252812,0.07803485931502706,0.06783273653499143,0.02534437091155327,0.01756068885358807,-0.001043718321920943,-0.7564606634630464,0.006369241939901248
0.3318569407944211,0.03413135938935495,0.02901208083497843,0.008685994711227892,0.008693185906849279,-0.0006805581896183095,-0.9421851406032912,0.001914212646054425
0.3318507929643647,0.03413072708738586,0.029538923536262827,0.009032112886769231,0.008690837531284678,-0.0007336212494597398,-0.9421676861118702,0.00569146564726193
0.3318489161939729,0.03413053406226914,0.029595606527736407,0.009335054294673933,0.008827861461037877,-0.0007217106499420138,-0.9421623577159317,0.0018811596220374086
0.36378907603900873,0.03741556728174817,0.032979448949021654,0.010723869284975996,0.009476746554798686,-0.0007879160184268512,-0.9300346813519005,0.0018364832081157866
0.3637834795616917,0.03741499168619738,0.03346068028920116,0.010723704310557696,0.0094111656079626,-0.0007859054922401197,-0.930020373835977,0.004559506114297699
0.36378300587147744,0.037414942967340076,0.033541769819637725,0.01059715712756043,0.009403555033656497,-0.0007915360987098268,-0.9300191628366465,0.0008987681483758361
0.32175646027210986,0.033092528832166915,0.030072491919348,0.009288969113942652,0.008243857965921494,-0.0006695971572020271,-0.9456842049736793,0.0008868212159560421
0.373164726798968,0.590837110919832,0.030503069128630458,0.002381902511482774,0.01054767329392116,-0.0009323392552717097,-0.7145707534448323,0.0013088439897229569
0.37315583336583513,0.5908230298184819,0.03107899019611123,0.0025088775179490192,0.01108203989754503,-0.0009154425315753378,-0.7145537234664928,0.0025872350994662536
0.34402969704971137,0.544707196789744,0.02907040399585726,0.0025912023990552727,0.010307461309679062,-0.0008378079818509501,-0.7641851142976568,0.005129928257953313
0.34402194197111857,0.544694918061607,0.02978601774846921,0.0028692893883548614,0.010374013866448543,-0.000853582557864636,-0.7641678881230805,0.0012553493574494314
0.34402007405597906,0.5446919605645414,0.029932808953486875,0.0028839129612352288,0.010470496891648792,-0.0008458605282173054,-0.7641637389668982,0.002511814949569035
0.46178797046336884,0.02928971015558748,0.04403420176035832,0.020203223707772385,0.012486116573161465,-0.0004476321777080439,0.8850936100547903,0.011009133911435189
0.46176319571831526,0.029288138774026654,0.04491259876601601,0.021067945804648134,0.012209778880051876,-0.00048356654751247774,0.8850461251267709,0.002385712445307542
0.46175569637473274,0.02928766311503608,0.044938059561233826,0.02176023719165928,0.01222910707907533,-0.0004695908824697433,0.8850317513849044,0.0023497758901244795
0.43843910684115955,0.02780876761983752,0.04284069806862697,0.021775808973110926,0.011266641888266945,-0.0004493684803599037,0.896973339412539,0.00461539349114133
0.43843068594983453,0.02780823351006867,0.04293832394485464,0.02256091238116857,0.01104847246727834,-0.00045423085101009466,0.8969561116723699,0.006707590421113707
0.4384218546307795,0.027807673368202796,0.04330470767066653,0.0228344715953531,0.010873593611313247,-0.0004578162126086176,0.8969380442654697,0.008802071127336263
0.4384229970493642,0.027807745828100763,0.043235305805665314,0.02290760159582928,0.010757607913131347,-0.0004254683829944252,0.896940381463491,0.006495102151719091
0.5531205594491718,0.03508263944404276,0.05516445341895917,0.02917710951094381,0.013392231039460271,-0.0005537896394292404,0.8299113060735281,0.00426098081386864
0.35090846155578015,0.6272447930345675,0.027805389233155654,0.0015182162010168446,0.010240120491516376,-0.0007853574427438466,-0.6946555259369526,0.002431811991751294
0.4011079849107149,0.7169758570778743,0.03237565693228026,0.0020300975562828017,0.012262304131626713,-0.0008954859697313171,-0.5690821859386306,0.009887676000632811
0.42948267260162454,0.013199342514986438,0.03714069347264445,0.018021092942364165,0.014744378083814392,-0.0008120084928287058,-0.9019136124634115,0.007006235549639178
0.42947388854997126,0.013199072553672893,0.038040859261571316,0.017316387186334842,0.014676876743113356,-0.0008355926778193952,-0.9018951659549397,0.0034871515899667672
0.43568680736201265,0.013390014933073617,0.03855618244112663,0.01578928989879934,0.014961762061620996,-0.0007417835407037986,-0.8989090209493045,0.0034203820566757305
0.537941478974241,0.0,0.042802379109671294,0.011665946583245306,0.012547664310900496,-0.0007029473277029297,-0.841720196512636,0.005918367950853873
0.5378947185372508,0.0,0.044297412506982464,0.013204787992326236,0.01273929073881752,-0.0007947619749352351,-0.841647030181816,0.0029388426837511387
0.7008295463227912,0.007186075702893091,0.052628278593194154,0.012911436641869884,0.03706772378696278,-0.0010947944874572838,0.710263790215598,0.0013904666823325912
0.7007699812756373,0.007185464942487312,0.0537328185671599,0.012829481195661668,0.03778485165890015,-0.0011804792419252582,0.710203423331271,0.002799591259676087
0.7007719528739521,0.00718548515860808,0.0540086790344523,0.013233808802350403,0.037173297252372464,-0.0011717710244521543,0.7102054214703323,0.0013488523289958737
0.43019573024428287,0.004411085549713585,0.03360583398524583,0.008554276636011316,0.023333298518974647,-0.0007336240300585203,-0.9017564345505159,0.002734287417356163
0.4301851424708614,0.0044109769861666705,0.03394156306787848,0.008951160079874464,0.023746918087968947,-0.00075900683528417,-0.9017342409485365,0.0027614087602931513
0.4301819650585476,0.0044109444060256835,0.0345383668833197,0.009530185072066285,0.022958130629487677,-0.0007693570740446876,-0.901727580603494,0.0026645776377986325
0.49209605047919086,0.0,0.04062186695859685,0.0064251031496528315,0.029721853091553153,-0.0010238775583425218,-0.8690601948085332,0.0030958602157195396
0.3633031539186776,0.0,0.030997507668606403,0.005538659403137576,0.02199155562509975,-0.0007821584447209411,-0.9308786472104985,0.003032333775043287
0.36329683134125823,0.0,0.03144239480989297,0.006073226274874619,0.022010405016984924,-0.0007421079042774279,-0.9308624470970354,0.0030207099876755033
0.5114032736873392,0.01488584030956902,0.04137709432426045,0.01231156029247298,0.013431973836889483,-0.0009633830969454785,-0.8580210480754246,0.0034369300424346295
0.5113792641695576,0.014885141444571481,0.04242930800790291,0.012689781740503836,0.013279527035911466,-0.0010316489515465666,-0.8579807654400354,0.0033762644110219273
0.5113683141943691,0.014884822714538972,0.04280467660111443,0.01297360352678307,0.013413305465699818,-0.0009739605193219961,-0.8579623938149971,0.0011083193777451684
0.4216863783181981,0.012274376038122356,0.035716066275460596,0.01105755392034386,0.008750702969740145,-0.0007947809294179775,-0.9058448126835367,0.0032702074292572376
0.4216709144692589,0.012273925919013379,0.03594504818126836,0.011697463516202775,0.010900492213030792,-0.0008055152148584018,-0.9058115940450747,0.0021442984177221978
0.42166301890602204,0.012273696096289229,0.036470637906995354,0.011884650273610473,0.01066614175615237,-0.0007863878340201911,-0.9057946332055288,0.0010491186878462749
0.4216619202858074,0.012273664117837159,0.03654889001207401,0.012072024606701079,0.010430609536773397,-0.0007662863639064793,-0.9057922732065493,0.0010235959334580756
0.38312134979935664,0.011151831686917392,0.03375288946111402,0.011252415940403328,0.009429081840053775,-0.0006719473830697353,-0.9228967626277836,0.003029648136665408
0.49354856930752183,0.0037740651358503774,0.03733152292593475,0.010319651903702728,0.018710944937126443,-0.000596255488163796,-0.8686454819812385,0.0015965603703381435
0.4935302845694735,0.0037739253161919325,0.03814669651028745,0.010767933481515784,0.018789180695910946,-0.0006301928583418163,-0.8686133008422733,0.002396684905438797
0.49351663363685294,0.0037738209302974556,0.03864797850338905,0.011306017425135177,0.018917799937728227,-0.0006214326007287928,-0.8685892752008612,0.003195597744547112
0.44749022673624006,0.0034218663944839143,0.035346965802531896,0.010853672044838987,0.017125961929672983,-0.0005567764526334835,-0.8933532162843484,0.003170049373518993
0.44748459993912176,0.0034218233675152405,0.03556638517433954,0.011276611918465868,0.017130768176542164,-0.0005763094769205413,-0.8933419831511922,0.0007874083948758611
0.44747442411778304,0.003421745555087181,0.03610153359618194,0.011715694013265592,0.0170424376938623,-0.0005523485167443507,-0.8933216685115014,0.004687924843188914
0.4474746425753935,0.0034217472255879226,0.03612165422271404,0.011764515148436709,0.01693819499895641,-0.0005225925037170182,-0.893322104632331,0.001543296806070095
0.5015111224938562,0.00383495315425769,0.04077040141344232,0.013166946561475061,0.018834155374062703,-0.0005786868454576267,-0.8638757044557808,0.002284861270839839
0.4882820122954134,0.8719321648132382,0.03234617214993648,0.0013950914637011812,0.01629644267798519,-0.0010868559884196923,0.0,0.0033256289595769797
0.4882467506216273,0.8718691975386202,0.03413835579001258,0.0021447982259450056,0.01695560472585812,-0.0013011009531041732,0.0,0.003121576021301635
0.4882350422527746,0.8718482897370975,0.03469108495061536,0.0023016794849059375,0.01722765420103845,-0.001241783458143051,0.0,0.0030826710728311868
0.479085086185607,0.0,0.035800616450396394,0.011094601995877217,0.04521668921431251,-0.000699505242238365,0.8758011575533378,0.004967438441019119
0.44884218851823166,0.0,0.03409372978844612,0.011181682591155945,0.042935464185642404,-0.0006118434814677818,0.8918573030100863,0.004820973161642409
0.4450507435229837,0.0,0.033269934075096166,0.007581209217253584,0.016334939915446406,-0.0008840651794053896,-0.8947054602548258,0.0016030162353484316
0.4450490176481604,0.0,0.03326945745805171,0.007811377585617712,0.01646426459636706,-0.0008794242252013329,-0.8947019906513017,0.0016048376225293525
0.44504118748749005,0.0,0.03367753042068836,0.00805678011830801,0.016583714024076077,-0.0008656619675114317,-0.894686249328299,0.004849527251918392
0.5061391726219594,0.0,0.03894215333974822,0.009756268879161218,0.01889131562765243,-0.0009801655164158598,-0.8613092472032309,0.0032190516351977543
0.5424409433326318,0.02406327785066464,0.04334427682402298,0.01454477241274955,0.005563977649262946,-0.0006923588405289029,0.838484983592136,0.005011846752761841
0.5424096649643879,0.024061890307790122,0.04446832559585465,0.015150697082395106,0.005406094164797552,-0.0007674606751870791,0.8384366346568166,0.0036150109715582988
0.5424017235418441,0.02406153801753706,0.04452224566422129,0.015959481221502397,0.005339136881633874,-0.0007516442202975724,0.8384243591019693,0.005866334397486393
0.5407185751359455,0.023986871699935353,0.04481100713612766,0.016459840016002678,0.005250608315554664,-0.0007679677820754576,0.8394884997025864,0.001143543268818434
0.5407100743338915,0.02398649459499095,0.044951341830955074,0.017046114207814208,0.005164810666882731,-0.0007827951391907059,0.8394753018471943,0.0011028617055535705
0.5407030316351045,0.023986182173113848,0.04515459222234696,0.017320825928649957,0.0049930570779814125,-0.0007688172093804447,0.8394643677589079,0.0021324007633994734
0.5406951847496093,0.02398583407662841,0.04534676257131302,0.017668818918597402,0.0049359953443889855,-0.000738737956135091,0.8394521851366815,0.0010278812797121933
0.49873643511417687,0.022124497717059502,0.042399669743607746,0.01643294287901627,0.0044642397043505085,-0.0006887679502273515,0.8652654491235109,0.004972833411075296
0.5171456189845074,0.0,0.034389141614047485,0.008153662592655733,0.016167026164609063,-0.000920089109019301,-0.8550140900543856,0.006575713588218951
0.49935219257643637,0.0,0.03382970703513877,0.008705373223915874,0.016132291648339087,-0.0009131316482915302,-0.865543800465823,0.003344929087503345
0.4993380090771486,0.0,0.034633649053293115,0.008605258356429528,0.016238566097180582,-0.000899299465336994,-0.8655192157337243,0.0033670600515160187
0.4993400299171657,0.0,0.034555615038611515,0.008655227185230872,0.01612925054949179,-0.0008955618995301704,-0.8655227185230872,0.003318609767995991
0.5232628480769532,0.0,0.036424530055042724,0.00908733146160309,0.016976091869181805,-0.0009504943180129571,-0.8511742328718439,0.006643569191112234
0.5373676594217881,0.00585465500569336,0.03774060807054654,0.00669507247804195,0.021950768547561613,-0.000999904669942619,-0.8421696432905399,0.0013093906881371823
0.537345691655462,0.005854415665474741,0.038604614615061,0.006712416672810853,0.022297064338629137,-0.0010397344033850067,-0.8421352151190519,0.0013203882469601362
0.45580528038449664,0.004966027671438165,0.03367950820924329,0.0062019407003136426,0.019431340758128315,-0.0008539447666931229,-0.8891939076353296,0.0026083032726381163
0.45579817475817386,0.004965950255185083,0.034104627683903155,0.006186899814750294,0.01949665708539287,-0.0008284379152780375,-0.8891800458397162,0.0052055069057555985
0.45579771086005594,0.00496594520098543,0.034166459666756535,0.006336335390316843,0.01939498762785662,-0.0007615565290266883,-0.8891791408581419,0.006415364027000984
0.4265865255658119,0.00464768746960427,0.032131195029145666,0.00591626558407667,0.01804499256066251,-0.0006857064402814723,-0.9036641120264626,0.005086948670144443
0.5775605052176891,0.8151055517185127,0.04207628887824677,0.012538652258435637,0.009904715520866424,-0.0010330026978092243,0.0,0.011557086227420344
0.6446786049875419,0.6165982264271685,0.03665726765497561,0.005525816614178931,0.00972625076395645,-0.0007864423659929544,0.45025172411828324,0.003005943953573797
0.6446657235663164,0.6165859060842565,0.037240278989947466,0.005402912730841509,0.009623122441523501,-0.000881598795997611,0.45024272757012573,0.001747993012689264
0.6446610834576378,0.6165814680856018,0.03732856077350185,0.005075426942777593,0.010191629722355442,-0.0008569928998617678,0.4502394868593026,0.0022700509342678376
0.41684340322750296,0.3986868823309411,0.024312331944186503,0.0030039191280204183,0.006649681818519024,-0.000556154188892243,-0.8164837453694265,0.0011098902318560696
0.4168426516251356,0.39868616346624935,0.024390336931190092,0.0030171468117628866,0.0066284988534873876,-0.000561886757526116,-0.8164822731832022,0.003792666824513848
0.41683763763679454,0.3986813678730739,0.024860986715228805,0.0031097411061792608,0.006650316331561298,-0.0005655179989819662,-0.816472452133023,0.0010569036949353175
0.41683718569045536,0.3986809356122403,0.024885115806026516,0.003228834073284797,0.006665467438453225,-0.0005743234683679724,-0.8164715668920983,0.0036070816287725564
0.420870573780228,0.40253864071274437,0.025470218662090646,0.0034337694432228128,0.006708230021590391,-0.0005644871122799334,-0.812480621954783,0.00453228573745073
0.8484734231314236,0.0,0.05660018518304513,0.02890112597541412,0.020865499332881135,-0.0010237143929211572,-0.5249929305625683,0.002958413580301699
0.8483761262618356,0.0,0.05853874143674655,0.02895083530868514,0.02091404763612632,-0.0011166154777692712,-0.5249327281245108,0.002943505302724803
0.848345810445152,0.0,0.05891989646478137,0.029294441266934153,0.02106804652399113,-0.0010624041368495934,-0.5249139702129378,0.0029216785627678814
0.5936299331204554,0.0,0.041753744195501534,0.020702843917575882,0.014545214303541219,-0.000743529709297757,-0.8032555032536162,0.00572313204124089
0.5936277927283239,0.0,0.04178954152122172,0.020906828825150655,0.014397300306667919,-0.0007412576821297234,-0.8032526070355132,0.0056649520745054496
0.5936232196299265,0.0,0.0421628534641108,0.020591305430913077,0.014298190665117422,-0.0007190638384019206,-0.8032464190617442,0.0027875652290263596
0.6323732540506654,0.0,0.04557909077610285,0.021401882316777206,0.015052545576063966,-0.0007282889614004047,-0.7728786864350475,0.005479887443111919
0.643624035102279,0.7644721711811532,0.034305460108580085,0.0017031282159629536,0.01224089441678136,-0.0008922965481765008,0.0,0.0038631740997355658
0.6435931299374277,0.7644354632007391,0.03555813427316492,0.0019802865536536238,0.012530125538327825,-0.0009996022145646662,0.0,0.00293389351140111
0.643566882171728,0.764404287102056,0.036617876383415064,0.002118820196688458,0.012705994420272789,-0.0009764567034792429,0.0,0.001901185864683096
0.6435619002539205,0.7643983697693971,0.036886041401051416,0.002178209508551731,0.01252754525739065,-0.0009740628171007521,0.0,0.0009344807510982485
0.6435667940085427,0.7644041823851747,0.03668610132847569,0.002396048679231805,0.01246815415506038,-0.0009806393974370472,0.0,0.0027635964338551615
0.6435458880222953,0.7643793510491375,0.0375192500091162,0.002633587787906624,0.012544727121431133,-0.0009474253851416919,0.0,0.003635735645661204
0.6435395250222063,0.764371793319426,0.03775732825613799,0.0027523690454795907,0.012593883363313534,-0.0009187171843314311,0.0,0.0018068626450120201
0.5161758827381365,0.010386563064246498,0.032074178452069876,0.01071455999017041,0.016054957905551396,-0.0009072801905351311,-0.855600629872002,0.0021473235758950045
0.5161729086121692,0.010386503218469212,0.032009813801047095,0.010636290238068944,0.016583424893614255,-0.0009371340093500423,-0.8555957000328989,0.004412955554918129
0.5059573893254515,0.010180945115400401,0.03208098184004951,0.010916413975749138,0.01717304932165505,-0.0009600300749389462,-0.8616607660633449,0.004623636027371925
0.5059367385426576,0.010180529577470426,0.032872699154383914,0.011329916660091635,0.017769602119593136,-0.000981640384045801,-0.8616255971544654,0.002375065611187509
0.5897961485395052,0.0,0.03574887380504553,0.015810057951894798,0.02035587215358888,-0.0009137217004791989,0.8063481672569952,0.0016136762287741063
0.5897615722877303,0.0,0.03719370086243289,0.015597873225281465,0.02079844006321922,-0.0009555478078336745,0.8063008958441208,0.009797421971698514
0.6421991200364884,0.0,0.04127887629914729,0.016505475891087057,0.023438162043321793,-0.001027579840601322,0.7648879071479369,0.004986975681844251
0.6421937117340976,0.0,0.041558698614112245,0.015987747927947386,0.02365847672566302,-0.001059777584844386,0.7648814656176267,0.008350089178952433
0.642183728319319,0.0,0.04187310405409066,0.015968329722089333,0.02377280486656802,-0.001049661668370905,0.7648695749236067,0.0016781142023839291
0.6421660827747534,0.0,0.042293700377628037,0.01621708973216243,0.02401259013437303,-0.0010244215776702011,0.7648485582899301,0.0066942917774014095
0.6180889911193744,0.0,0.041444024618261306,0.015830458339714127,0.02319856620488291,-0.0009571389396352605,-0.7845117582804717,0.006701379814103724
0.5040851464227963,0.0,0.030276270884338628,0.017450241686459745,0.011094831788278612,-0.0006003770478260193,-0.8628751624060809,0.0026489715368008373
0.5040743194884872,0.0,0.030921601476107983,0.01739056402235281,0.011336405353138073,-0.0006531187177605376,-0.8628566292420576,0.007896503165181685
0.5125671447935611,0.0,0.031833736302617044,0.017774019520929663,0.011440347916749699,-0.0006560704929438931,-0.8577961923162831,0.005224578507128937
0.5125633812439944,0.0,0.03316997388994637,0.015648258521507828,0.011389018130081393,-0.0006732198152987231,-0.8577898939053906,0.010348913622792447
0.512569513089967,0.0,0.03304298210601865,0.015196178505726082,0.011325503043618936,-0.0005979577898747985,-0.8578001557299743,0.002520968152609328
0.642500665951364,0.0,0.04201261777398182,0.01910494627284791,0.01404117837352173,-0.0007330784256439542,-0.7647647632662264,0.004970129521575333
0.5511023254207631,0.04490071053608683,0.03335207617134377,0.005207517625715036,0.022325370851531145,-0.001241578029590926,-0.8322443812875872,0.011092131242096856
0.5776209873724696,0.0,0.03500685196736278,0.01232808221620671,0.01759362315120528,-0.0007601025476063904,-0.8152707650342856,0.008597232550841884
0.5775918796975397,0.0,0.03610658035859137,0.013202100107372335,0.017595372861677706,-0.0007803575718935027,-0.8152296816302416,0.004273412961261511
0.554926012433377,0.0,0.036547415287590514,0.014792741988581165,0.01635885418087064,-0.0006985986560315727,-0.8308035157573986,0.012481174228871452
0.5549234996692429,0.0,0.03684958718182757,0.014523140734200758,0.016202899716934553,-0.0005752955340899576,-0.8307997537905236,0.008142990920565123
0.7438588552108026,0.0,0.04581193054701486,0.01996894335256042,0.013334605565509559,-0.0017773677575947584,-0.6663299041043247,0.0072729388491301564
0.6247245929947828,0.0,0.03882639148383269,0.018090616383060188,0.011308700350144672,-0.0015364844435719139,-0.7795859005540527,0.0036408915815304855
0.6247228556481306,0.0,0.03871782986088796,0.018336935650291607,0.011522340835441437,-0.0015747036185892688,-0.7795837325411882,0.0036887846192436517
0.6247174119844581,0.0,0.03911754303741212,0.018002420069298607,0.011458137387383651,-0.0015467410959019315,-0.7795769394622956,0.0035973293426959825
0.7002435542820294,0.7128514783792971,0.03693366742338219,0.002197986712051926,0.01145646596549757,-0.0012477626277904595,0.0,0.001960015680125441
0.7002224922835206,0.712830037158335,0.03778871857000434,0.002256272475135789,0.011269022899314926,-0.0013154966176375505,0.0,0.0018719405471682219
0.7002212957190126,0.7128288190496165,0.03778550980720625,0.002489675718112045,0.011384460408785602,-0.001289410153876143,0.0,0.007304855354732907
0.7002240971423778,0.712831670912765,0.03770606689417821,0.0027814457192044447,0.011232414363877476,-0.0012536632316545503,0.0,0.01076053680731286
0.7002150772927974,0.7128224886602919,0.03799206737939694,0.003462174548836609,0.011227250494354595,-0.001228902746193317,0.0,0.005200217022390401
0.7001910597276356,0.712798038657535,0.03884657081906173,0.00353985480195638,0.011332495052933487,-0.0011932656526122158,0.0,0.001708665668805916
0.5892924844475091,0.807249978695218,0.031688543020682226,0.0013561799642079662,0.008645679561824932,-0.0010435096059099004,0.0,0.002104133570399049
0.5892961317673927,0.8072549750238256,0.03152078491013842,0.0013723334575405036,0.008535374859578617,-0.0010856236949046989,0.0,0.0020451319723661767
0.8779093277607453,0.0,0.049912297452230615,0.0182462776499463,0.04879280052747364,-0.0011665816221872616,-0.4733592186169424,0.005306841580165149
0.8476784970003799,0.0,0.049556446483285395,0.01665573695457503,0.047454516535359155,-0.001047342408451073,-0.525789770436722,0.00519780236915832
0.5584234440137001,0.6204705132036115,0.029686618984159214,0.0031420625783170858,0.018710491241247514,-0.0007428151630528607,-0.5494886689094809,0.009482807669694844
0.5584062884755826,0.6204514514939821,0.030459387817477607,0.0033802193995721938,0.019059843591187314,-0.0008305713543075995,-0.5494717878599733,0.009377080539744757
0.7761231173859676,0.6290866949186589,0.03979316593468291,0.012213726952547596,0.01223787459364458,-0.000632597549113032,0.0,0.005422464184624061
0.776106653130751,0.6290733498144268,0.0403572702406986,0.012376858731506186,0.011949975563653124,-0.0006969290693327235,0.0,0.01059002313920056
0.7760787350614544,0.6290507208196848,0.04119479025830177,0.011518642278280533,0.012920239452645291,-0.0006042927880149941,0.0,0.005206814679051943
0.7760456459529292,0.629023900438416,0.042196287296840836,0.011191395104794876,0.01326568342741169,-0.000579423780289742,0.0,0.010393119754722374
0.8900526279761576,0.19265207627143993,0.05174448449888569,0.02242470257498371,0.008453426258741563,-0.0008629805791793841,0.40919302636825944,0.004908192263707354
0.8899793450436263,0.1926362141654659,0.05379655373023613,0.021243922547924482,0.008394344129135376,-0.0009242892046123892,0.409159335253823,0.0048417943689931485
0.6195038349380084,0.1340917338004015,0.03768667102049701,0.01509336616030784,0.0057383824416166644,-0.0006395568522547778,0.7723684175850495,0.0045429352813439825
0.6194852682882563,0.13408771504520467,0.038691853526643005,0.014578016962835333,0.0055934861519022555,-0.0006375341727114153,0.7723452695541898,0.008583359441051633
0.619480244852285,0.13408662772144486,0.03891851170260863,0.014593989144961624,0.005426384671451703,-0.0006170194601445841,0.7723390065690827,0.01241387871640494
0.6358419516624663,0.13762812256034376,0.04040641002505725,0.014203222816356388,0.005456846001062158,-0.0006465924701044187,0.7582208831382812,0.003980844177816348
0.8312122961335667,0.0,0.04805300838001717,0.017540710761998087,0.041861680965994706,-0.001292442685417739,-0.5520102171758815,0.004126314747036274
0.6173382717101845,0.09768010628325703,0.030467558238980754,0.006282784436139093,0.013200121504478881,-0.0006485147921605691,-0.7798779685655242,0.008121167823933082
0.8398616235262927,0.17367922643020084,0.04200948577347616,0.010162325644668142,0.011479241268281721,-0.0009342270057878657,-0.5123155903510385,0.0020867199058471975
0.8398185882616521,0.17367032695049775,0.043022037680285556,0.010917641647401478,0.011484939103772223,-0.0009976005553045454,-0.5122893388396078,0.004120678181215065
0.8398130472498158,0.173669181096678,0.0428639424573366,0.011820368640041157,0.011753304319386714,-0.000989322707054136,-0.5122859588223876,0.006095888323325917
0.8465328546420222,0.1750588040023397,0.04374988138479835,0.012888462711924788,0.011939282457827079,-0.001008503900935133,-0.5005125503070956,0.004008168647704021
0.846511470854471,0.17505438194092385,0.04418460796526044,0.01345953238658609,0.011817256749415535,-0.0010246340971098672,-0.500499907142706,0.0019731377033071758
0.8465005687334897,0.1750521274362704,0.044461236109416095,0.013628659156609184,0.011677337789336072,-0.0009658993681407772,-0.5004934612636757,0.0019498004379251783
0.8464853615286205,0.17504898266157914,0.044969297815306744,0.013332144444075773,0.011610957189598679,-0.00093995935406078,-0.5004844700037969,0.00383013357590846
0.6854004286780894,0.10577167109229774,0.03660019673326884,0.010357162033357794,0.01656376753745064,-0.0007953384882033811,-0.7192473634276246,0.005913870391616497
0.6853746793901639,0.1057676974367537,0.03751163587967911,0.011033686196602147,0.016346809709799497,-0.0008709869193068708,-0.7192203425699252,0.0029227288935132958
0.5935293854424729,0.09159404096334457,0.033238552732160184,0.01065421884485624,0.013883373353789903,-0.0007674827802986791,-0.7987000372003648,0.005689754743121798
0.5935163285181481,0.09159202600588705,0.03364887847705799,0.011518613190500357,0.013787143974000342,-0.0007582974175703362,-0.7986824667713351,0.005625103712849706
0.5934965237374555,0.09158896971257029,0.03429251270100041,0.012675913408219728,0.013601567954940308,-0.0007528737871372088,-0.798655815893613,0.005549574347647535
0.5934948136897299,0.09158870581631634,0.03410724790801248,0.013555128460814818,0.013432743235845175,-0.0007028941156874634,-0.7986535147182785,0.008099986230023408
0.6478024464563114,0.09996951334202335,0.03746389742663427,0.014571556264733325,0.014507902876442083,-0.0007529622969554419,-0.754010057430877,0.005296469902809777
