,prov_code,year,all_wm_prov,knows_wm_prov,total_pop,ethnic_turkish,ethnic_kurdish,ln_casualty,ln_gdppc_cons,divorce_rate_ma5,mosques_perk,ceasefire,fm_diff_educ,count,pol_attitude
0,1,2010,20.0,19.0,2085225.0,82.03772,13.370917,3.1780539,4.1877975,1.458,0.60664916,0,-0.06288165,20,91.6
1,1,2011,15.0,15.0,2108805.0,82.03772,13.370917,3.1780539,4.270533,1.532,0.5998658,0,-0.06818777,15,91.6
2,1,2012,9.0,9.0,2125635.0,82.03772,13.370917,3.1780539,4.310695,1.632,0.6407497,0,-0.06709957,9,91.6
3,1,2013,7.0,7.0,2149260.0,82.03772,13.370917,3.1780539,4.3507123,1.712,0.65185225,1,-0.06671113,7,79.8
4,1,2014,14.0,14.0,2165595.0,82.03772,13.370917,3.1780539,4.3790603,1.79,0.65432364,1,-0.0671466,14,79.8
5,1,2015,12.0,12.0,2183167.0,82.03772,13.370917,3.1780539,4.421428,1.824,0.6490571,0,-0.06585774,12,79.8
6,1,2016,11.0,10.0,2201670.0,82.03772,13.370917,3.1780539,4.455729,1.89,0.65086955,0,-0.06417319,11,79.8
7,1,2017,18.0,18.0,2216475.0,82.03772,13.370917,3.1780539,4.5086017,1.882,0.65238726,0,-0.06269407,18,-85.04
8,2,2010,0.0,0.0,590935.0,28.144897,70.21079,3.7612002,3.7191708,0.744,1.1862557,0,-0.10079217,,91.6
9,2,2011,1.0,1.0,593931.0,28.144897,70.21079,3.7612002,3.8266168,0.74,1.190374,0,-0.106139034,1,91.6
10,2,2012,1.0,1.0,595261.0,28.144897,70.21079,3.7612002,3.8406134,0.748,1.2263528,0,-0.10638426,1,91.6
11,2,2013,2.0,2.0,597184.0,28.144897,70.21079,3.7612002,3.947309,0.762,1.2374746,1,-0.10291308,2,79.8
12,2,2014,0.0,0.0,597835.0,28.144897,70.21079,3.7612002,4.0243244,0.814,1.2444905,1,-0.10177758,,79.8
13,2,2015,1.0,1.0,602774.0,28.144897,70.21079,3.7612002,4.050076,0.806,1.2342935,0,-0.1024912,1,79.8
14,2,2016,0.0,0.0,610484.0,28.144897,70.21079,3.7612002,4.060205,0.854,1.2449138,0,-0.09956594,,79.8
15,2,2017,0.0,0.0,615076.0,28.144897,70.21079,3.7612002,4.0970206,0.872,1.250252,0,-0.094524905,,-85.04
16,3,2010,0.0,0.0,697559.0,98.167175,1.8328214,0.0,4.1500306,1.378,1.5625918,0,-0.101964876,,91.6
17,3,2011,0.0,0.0,698626.0,98.167175,1.8328214,0.0,4.2237825,1.394,1.5759505,0,-0.11241506,,91.6
18,3,2012,1.0,1.0,703948.0,98.167175,1.8328214,0.0,4.229459,1.414,1.5967089,0,-0.108885884,1,91.6
19,3,2013,2.0,1.0,707123.0,98.167175,1.8328214,0.0,4.2711825,1.418,1.6022673,1,-0.10815194,2,79.8
20,3,2014,2.0,2.0,706371.0,98.167175,1.8328214,0.0,4.32155,1.41,1.6237926,1,-0.10934779,2,79.8
21,3,2015,2.0,2.0,709015.0,98.167175,1.8328214,0.0,4.3708544,1.41,1.6177373,0,-0.10976529,2,79.8
22,3,2016,1.0,0.0,714523.0,98.167175,1.8328214,0.0,4.3971524,1.364,1.6388556,0,-0.10916367,1,79.8
23,3,2017,4.0,4.0,715693.0,98.167175,1.8328214,0.0,4.418556,1.348,1.6417654,0,-0.1054474,4,-85.04
24,4,2010,1.0,1.0,542022.0,15.413678,84.106926,5.638355,3.4639869,0.212,1.5405278,0,-0.079818524,1,91.6
25,4,2011,0.0,0.0,555479.0,15.413678,84.106926,5.638355,3.468833,0.216,1.5176091,0,-0.09604575,,91.6
26,4,2012,1.0,1.0,552404.0,15.413678,84.106926,5.638355,3.5463946,0.232,1.5767446,0,-0.087430306,1,91.6
27,4,2013,2.0,2.0,551177.0,15.413678,84.106926,5.638355,3.5650904,0.242,1.6020262,1,-0.086224,2,79.8
28,4,2014,2.0,2.0,549435.0,15.413678,84.106926,5.638355,3.5584946,0.27,1.6289461,1,-0.08654669,2,79.8
29,4,2015,0.0,0.0,547210.0,15.413678,84.106926,5.638355,3.6187139,0.304,1.6355696,0,-0.083903745,,79.8
30,4,2016,0.0,0.0,542255.0,15.413678,84.106926,5.638355,3.6891143,0.334,1.6689565,0,-0.08309839,,79.8
31,4,2017,3.0,3.0,536285.0,15.413678,84.106926,5.638355,3.721309,0.348,1.7117764,0,-0.08006203,3,-85.04
32,5,2010,1.0,0.0,334786.0,100.0,0.0,1.3862944,4.1869845,1.078,1.9803696,0,-0.11596309,1,91.6
33,5,2011,2.0,2.0,323079.0,100.0,0.0,1.3862944,4.311354,1.08,2.0768914,0,-0.11575326,2,91.6
34,5,2012,0.0,0.0,322283.0,100.0,0.0,1.3862944,4.3327756,1.126,2.1161525,0,-0.117475346,,91.6
35,5,2013,0.0,0.0,321977.0,100.0,0.0,1.3862944,4.377993,1.162,2.146116,1,-0.12280792,,79.8
36,5,2014,1.0,1.0,321913.0,100.0,0.0,1.3862944,4.358618,1.226,2.1465428,1,-0.12558481,1,79.8
37,5,2015,0.0,0.0,322167.0,100.0,0.0,1.3862944,4.4561386,1.272,2.1448503,0,-0.1225819,,79.8
38,5,2016,1.0,1.0,326351.0,100.0,0.0,1.3862944,4.466351,1.312,2.080582,0,-0.12236178,1,79.8
39,5,2017,1.0,1.0,329888.0,100.0,0.0,1.3862944,4.491895,1.33,2.064337,0,-0.12128848,1,-85.04
40,6,2010,20.0,19.0,4771716.0,98.271225,0.4321942,0.0,4.896542,1.96,0.5842762,0,-0.076327056,20,91.6
41,6,2011,10.0,10.0,4890893.0,98.271225,0.4321942,0.0,4.969082,2.008,0.57596844,0,-0.07874817,10,91.6
42,6,2012,16.0,16.0,4965542.0,98.271225,0.4321942,0.0,4.9594994,2.068,0.57899016,0,-0.07585204,16,91.6
43,6,2013,9.0,9.0,5045083.0,98.271225,0.4321942,0.0,5.0097227,2.148,0.57719564,1,-0.07733157,9,79.8
44,6,2014,14.0,14.0,5150072.0,98.271225,0.4321942,0.0,5.0105057,2.202,0.5737784,1,-0.0808157,14,79.8
45,6,2015,18.0,18.0,5270575.0,98.271225,0.4321942,0.0,5.0431695,2.214,0.56805944,0,-0.07828298,18,79.8
46,6,2016,14.0,14.0,5346518.0,98.271225,0.4321942,0.0,5.080376,2.198,0.5672851,0,-0.07454023,13,79.8
47,6,2017,5.0,5.0,5445026.0,98.271225,0.4321942,0.0,5.114053,2.162,0.56326634,0,-0.07532671,5,-85.04
48,7,2010,6.0,5.0,1978333.0,93.47289,5.405746,2.8903718,4.7319584,2.162,1.0412807,0,-0.05549422,6,91.6
49,7,2011,9.0,9.0,2043482.0,93.47289,5.405746,2.8903718,4.8088593,2.316,1.0261896,0,-0.059131503,9,91.6
50,7,2012,6.0,5.0,2092537.0,93.47289,5.405746,2.8903718,4.774946,2.464,1.0179031,0,-0.05914566,6,91.6
51,7,2013,10.0,10.0,2158265.0,93.47289,5.405746,2.8903718,4.790795,2.564,0.9929272,1,-0.05821404,10,79.8
52,7,2014,8.0,8.0,2222562.0,93.47289,5.405746,2.8903718,4.7948537,2.674,0.97230136,1,-0.06170124,8,79.8
53,7,2015,12.0,12.0,2288456.0,93.47289,5.405746,2.8903718,4.831799,2.726,0.9539183,0,-0.061507016,12,79.8
54,7,2016,16.0,16.0,2328555.0,93.47289,5.405746,2.8903718,4.760686,2.734,0.9477981,0,-0.057923704,16,79.8
55,7,2017,15.0,15.0,2364396.0,93.47289,5.405746,2.8903718,4.8125505,2.666,0.9486567,0,-0.05765137,15,-85.04
56,8,2010,0.0,0.0,164759.0,48.17907,0.0,2.0794415,4.3886604,0.782,4.1393795,0,-0.1419249,,91.6
57,8,2011,0.0,0.0,166394.0,48.17907,0.0,2.0794415,4.43504,0.824,4.0866857,0,-0.15380219,,91.6
58,8,2012,0.0,0.0,167082.0,48.17907,0.0,2.0794415,4.473485,0.858,4.075843,0,-0.15248749,,91.6
59,8,2013,0.0,0.0,169334.0,48.17907,0.0,2.0794415,4.492002,0.864,4.051165,1,-0.15086843,,79.8
60,8,2014,0.0,0.0,169674.0,48.17907,0.0,2.0794415,4.508514,0.918,4.066622,1,-0.1572333,,79.8
61,8,2015,0.0,0.0,168370.0,48.17907,0.0,2.0794415,4.56878,0.942,4.0981174,0,-0.15557691,,79.8
62,8,2016,1.0,1.0,168068.0,48.17907,0.0,2.0794415,4.5898128,0.92,4.141181,0,-0.1532042,1,79.8
63,8,2017,0.0,0.0,166143.0,48.17907,0.0,2.0794415,4.658476,0.908,4.1951814,0,-0.14918613,,-85.04
64,9,2010,7.0,6.0,989862.0,68.024796,31.9752,1.0986123,4.1862707,1.87,1.1223787,0,-0.048866346,7,91.6
65,9,2011,3.0,2.0,999163.0,68.024796,31.9752,1.0986123,4.2780695,1.952,1.1089282,0,-0.05339119,3,91.6
66,9,2012,4.0,4.0,1006541.0,68.024796,31.9752,1.0986123,4.308888,2.028,1.1067606,0,-0.051643148,4,91.6
67,9,2013,5.0,5.0,1020957.0,68.024796,31.9752,1.0986123,4.3366685,2.086,1.0979894,1,-0.051712364,5,79.8
68,9,2014,5.0,5.0,1041979.0,68.024796,31.9752,1.0986123,4.359194,2.118,1.0787165,1,-0.05266419,5,79.8
69,9,2015,6.0,5.0,1053506.0,68.024796,31.9752,1.0986123,4.4017878,2.104,1.0669137,0,-0.053051263,6,79.8
70,9,2016,5.0,5.0,1068260.0,68.024796,31.9752,1.0986123,4.4294853,2.146,1.0662198,0,-0.052628607,5,79.8
71,9,2017,4.0,4.0,1080839.0,68.024796,31.9752,1.0986123,4.5008326,2.142,1.0547361,0,-0.054177284,4,-85.04
72,10,2010,1.0,0.0,1152323.0,98.26581,0.5780639,0.0,4.3937593,1.668,1.4214765,0,-0.08686149,1,91.6
73,10,2011,7.0,7.0,1154314.0,98.26581,0.5780639,0.0,4.4788666,1.704,1.4233562,0,-0.09200135,7,91.6
74,10,2012,3.0,3.0,1160731.0,98.26581,0.5780639,0.0,4.4797916,1.776,1.4249641,0,-0.08902086,3,91.6
75,10,2013,2.0,2.0,1162761.0,98.26581,0.5780639,0.0,4.48488,1.846,1.4310765,1,-0.09166533,2,79.8
76,10,2014,2.0,2.0,1189057.0,98.26581,0.5780639,0.0,4.507387,1.924,1.4036334,1,-0.09345198,2,79.8
77,10,2015,6.0,6.0,1186688.0,98.26581,0.5780639,0.0,4.5351443,1.964,1.4064354,0,-0.094206184,6,79.8
78,10,2016,6.0,6.0,1196176.0,98.26581,0.5780639,0.0,4.582847,1.99,1.3961157,0,-0.09074339,6,79.8
79,10,2017,8.0,7.0,1204824.0,98.26581,0.5780639,0.0,4.637985,1.978,1.3910745,0,-0.093445,8,-85.04
80,11,2010,0.0,0.0,225381.0,89.76678,10.233222,0.6931472,4.601996,1.136,1.8147049,0,-0.14072019,,91.6
81,11,2011,0.0,0.0,203849.0,89.76678,10.233222,0.6931472,4.8162203,1.254,2.0112927,0,-0.13687772,,91.6
82,11,2012,0.0,0.0,204116.0,89.76678,10.233222,0.6931472,4.829627,1.342,1.9988633,0,-0.12834299,,91.6
83,11,2013,0.0,0.0,208888.0,89.76678,10.233222,0.6931472,4.895732,1.424,1.9579871,1,-0.12758602,,79.8
84,11,2014,1.0,1.0,209925.0,89.76678,10.233222,0.6931472,4.9004292,1.52,1.9816601,1,-0.12602544,1,79.8
85,11,2015,1.0,1.0,212361.0,89.76678,10.233222,0.6931472,4.912979,1.57,1.9589285,0,-0.12517491,1,79.8
86,11,2016,0.0,0.0,218297.0,89.76678,10.233222,0.6931472,4.906442,1.57,1.9148225,0,-0.11657402,,79.8
87,11,2017,1.0,1.0,221693.0,89.76678,10.233222,0.6931472,4.930749,1.576,1.908044,0,-0.12777656,1,-85.04
88,12,2010,0.0,0.0,255170.0,4.7396154,95.26038,7.5694118,3.695008,0.578,2.1162362,0,-0.12824184,,91.6
89,12,2011,0.0,0.0,262263.0,4.7396154,95.26038,7.5694118,3.7922325,0.586,2.1200094,0,-0.14088938,,91.6
90,12,2012,0.0,0.0,262507.0,4.7396154,95.26038,7.5694118,3.8739836,0.524,2.148514,0,-0.13798293,,91.6
91,12,2013,0.0,0.0,265514.0,4.7396154,95.26038,7.5694118,3.9264855,0.514,2.1241817,1,-0.13587645,,79.8
92,12,2014,0.0,0.0,266019.0,4.7396154,95.26038,7.5694118,3.967885,0.51,2.1727772,1,-0.13759011,,79.8
93,12,2015,1.0,1.0,267184.0,4.7396154,95.26038,7.5694118,4.033595,0.488,2.1633031,0,-0.13699976,1,79.8
94,12,2016,0.0,0.0,269560.0,4.7396154,95.26038,7.5694118,4.0874996,0.458,2.21843,0,-0.13571772,,79.8
95,12,2017,0.0,0.0,273354.0,4.7396154,95.26038,7.5694118,4.1201005,0.476,2.209589,0,-0.12954003,,-85.04
96,13,2010,1.0,1.0,328767.0,11.959248,88.04076,6.8679743,3.56304,0.13,2.0713758,0,-0.124400266,1,91.6
97,13,2011,1.0,1.0,336624.0,11.959248,88.04076,6.8679743,3.692835,0.15,2.0586767,0,-0.14548372,1,91.6
98,13,2012,0.0,0.0,337253.0,11.959248,88.04076,6.8679743,3.7916708,0.16,1.9451272,0,-0.14170295,,91.6
99,13,2013,0.0,0.0,337156.0,11.959248,88.04076,6.8679743,3.8991551,0.178,1.9961087,1,-0.14252478,,79.8
100,13,2014,0.0,0.0,338023.0,11.959248,88.04076,6.8679743,3.907593,0.2,2.047198,1,-0.1443205,,79.8
101,13,2015,0.0,0.0,340449.0,11.959248,88.04076,6.8679743,3.9226985,0.212,2.03261,0,-0.14461634,,79.8
102,13,2016,1.0,1.0,341225.0,11.959248,88.04076,6.8679743,3.9235806,0.218,2.0836692,0,-0.14596446,1,79.8
103,13,2017,0.0,0.0,341474.0,11.959248,88.04076,6.8679743,3.9147038,0.244,2.0967922,0,-0.1404219,,-85.04
104,14,2010,1.0,1.0,271208.0,96.83053,3.1694732,0.0,4.6458063,1.13,4.4762692,0,-0.11331919,1,91.6
105,14,2011,1.0,1.0,276506.0,96.83053,3.1694732,0.0,4.7497406,1.196,4.394118,0,-0.1156988,1,91.6
106,14,2012,1.0,1.0,281080.0,96.83053,3.1694732,0.0,4.7559986,1.226,4.383094,0,-0.11128782,1,91.6
107,14,2013,0.0,0.0,283496.0,96.83053,3.1694732,0.0,4.8108892,1.328,4.352795,1,-0.114307076,,79.8
108,14,2014,1.0,1.0,284789.0,96.83053,3.1694732,0.0,4.8396287,1.426,4.3435664,1,-0.11750242,1,79.8
109,14,2015,3.0,3.0,291095.0,96.83053,3.1694732,0.0,4.852601,1.452,4.2494717,0,-0.11432704,3,79.8
110,14,2016,2.0,2.0,299896.0,96.83053,3.1694732,0.0,4.8276687,1.432,4.184784,0,-0.10614684,2,79.8
111,14,2017,4.0,3.0,303184.0,96.83053,3.1694732,0.0,4.860384,1.418,4.1525936,0,-0.10691166,4,-85.04
112,15,2010,0.0,0.0,258868.0,100.0,0.0,0.0,4.445373,1.48,1.966253,0,-0.09406157,,91.6
113,15,2011,1.0,1.0,250527.0,100.0,0.0,0.0,4.5386677,1.534,2.051675,0,-0.08801244,1,91.6
114,15,2012,0.0,0.0,254341.0,100.0,0.0,0.0,4.519039,1.566,2.0523627,0,-0.08096811,,91.6
115,15,2013,2.0,2.0,257267.0,100.0,0.0,0.0,4.530688,1.618,2.0406814,1,-0.08215435,2,79.8
116,15,2014,2.0,2.0,256898.0,100.0,0.0,0.0,4.569504,1.642,2.0552905,1,-0.08802244,2,79.8
117,15,2015,0.0,0.0,258339.0,100.0,0.0,0.0,4.6101274,1.6,2.043826,0,-0.0892522,,79.8
118,15,2016,1.0,1.0,261401.0,100.0,0.0,0.0,4.617891,1.634,2.0313618,0,-0.0908097,1,79.8
119,15,2017,2.0,2.0,264779.0,100.0,0.0,0.0,4.6216054,1.602,2.0129995,0,-0.098983794,2,-85.04
120,16,2010,12.0,11.0,2605495.0,92.019,6.7922735,0.6931472,4.5811043,1.338,0.6240657,0,-0.08648828,12,91.6
121,16,2011,5.0,4.0,2652126.0,92.019,6.7922735,0.6931472,4.7097282,1.404,0.62063414,0,-0.09179683,5,91.6
122,16,2012,7.0,7.0,2688171.0,92.019,6.7922735,0.6931472,4.7278438,1.502,0.6175202,0,-0.090711355,7,91.6
123,16,2013,4.0,4.0,2740970.0,92.019,6.7922735,0.6931472,4.782153,1.612,0.6125569,1,-0.09083238,4,79.8
124,16,2014,8.0,8.0,2787539.0,92.019,6.7922735,0.6931472,4.809549,1.702,0.6059108,1,-0.092168,8,79.8
125,16,2015,11.0,11.0,2842547.0,92.019,6.7922735,0.6931472,4.850818,1.784,0.5941854,0,-0.09177977,11,79.8
126,16,2016,6.0,6.0,2901396.0,92.019,6.7922735,0.6931472,4.870123,1.826,0.59385204,0,-0.09052646,6,79.8
127,16,2017,15.0,15.0,2936803.0,92.019,6.7922735,0.6931472,4.943346,1.844,0.58975697,0,-0.08850315,15,-85.04
128,17,2010,3.0,3.0,490397.0,97.75796,2.2420437,0.0,4.5534596,1.338,1.6252139,0,-0.09021366,3,91.6
129,17,2011,0.0,0.0,486445.0,97.75796,2.2420437,0.0,4.6661577,1.426,1.642529,0,-0.092130005,,91.6
130,17,2012,3.0,3.0,493691.0,97.75796,2.2420437,0.0,4.6547985,1.55,1.6366513,0,-0.082659855,3,91.6
131,17,2013,0.0,0.0,502328.0,97.75796,2.2420437,0.0,4.6574225,1.618,1.6164737,1,-0.08492944,,79.8
132,17,2014,1.0,1.0,511790.0,97.75796,2.2420437,0.0,4.6914268,1.63,1.594404,1,-0.087540805,1,79.8
133,17,2015,1.0,1.0,513341.0,97.75796,2.2420437,0.0,4.722859,1.664,1.5895866,0,-0.08691186,1,79.8
134,17,2016,0.0,0.0,519793.0,97.75796,2.2420437,0.0,4.761159,1.708,1.5833226,0,-0.0821121,,79.8
135,17,2017,0.0,0.0,530417.0,97.75796,2.2420437,0.0,4.807074,1.732,1.5572653,0,-0.08586681,,-85.04
136,18,2010,1.0,1.0,179067.0,100.0,0.0,0.0,4.18777,1.014,3.6410952,0,-0.12265676,1,91.6
137,18,2011,1.0,1.0,177211.0,100.0,0.0,0.0,4.3000455,1.03,3.7525887,0,-0.12599665,1,91.6
138,18,2012,1.0,1.0,184406.0,100.0,0.0,0.0,4.290793,1.07,3.882737,0,-0.13387217,1,91.6
139,18,2013,1.0,1.0,190909.0,100.0,0.0,0.0,4.3249393,1.09,3.7766685,1,-0.12763391,1,79.8
140,18,2014,0.0,0.0,183550.0,100.0,0.0,0.0,4.3845615,1.118,3.97167,1,-0.12964682,,79.8
141,18,2015,0.0,0.0,180945.0,100.0,0.0,0.0,4.4470396,1.1,4.0288486,0,-0.12918659,,79.8
142,18,2016,0.0,0.0,183880.0,100.0,0.0,0.0,4.4788566,1.104,4.0080485,0,-0.1240354,,79.8
143,18,2017,0.0,0.0,186074.0,100.0,0.0,0.0,4.4665117,1.086,3.9769125,0,-0.12544575,,-85.04
144,19,2010,2.0,1.0,535405.0,100.0,0.0,0.0,4.138444,1.276,2.4149942,0,-0.092127874,2,91.6
145,19,2011,1.0,1.0,534578.0,100.0,0.0,0.0,4.2089925,1.324,2.4187303,0,-0.09886901,1,91.6
146,19,2012,2.0,2.0,529975.0,100.0,0.0,0.0,4.205148,1.386,2.4642673,0,-0.09943569,2,91.6
147,19,2013,3.0,3.0,532080.0,100.0,0.0,0.0,4.232025,1.394,2.463915,1,-0.09896383,3,79.8
148,19,2014,3.0,3.0,527220.0,100.0,0.0,0.0,4.2612724,1.458,2.4904215,1,-0.10101347,3,79.8
149,19,2015,3.0,3.0,525180.0,100.0,0.0,0.0,4.3170986,1.446,2.5000951,0,-0.09951115,3,79.8
150,19,2016,4.0,4.0,527863.0,100.0,0.0,0.0,4.344905,1.468,2.5006487,0,-0.09770043,4,79.8
151,19,2017,1.0,1.0,528422.0,100.0,0.0,0.0,4.3861046,1.436,2.5131428,0,-0.0950717,1,-85.04
152,20,2010,3.0,3.0,931823.0,96.826035,3.1739645,0.0,4.3815317,2.116,1.2588228,0,-0.056118608,3,91.6
153,20,2011,6.0,6.0,942278.0,96.826035,3.1739645,0.0,4.514135,2.148,1.2533456,0,-0.0606509,6,91.6
154,20,2012,0.0,0.0,950557.0,96.826035,3.1739645,0.0,4.5297813,2.194,1.2487415,0,-0.057073727,,91.6
155,20,2013,4.0,4.0,963464.0,96.826035,3.1739645,0.0,4.5824833,2.28,1.2351266,1,-0.05745265,4,79.8
156,20,2014,3.0,3.0,978700.0,96.826035,3.1739645,0.0,4.6204276,2.336,1.2220292,1,-0.058599085,3,79.8
157,20,2015,2.0,2.0,993442.0,96.826035,3.1739645,0.0,4.6312523,2.328,1.2038951,0,-0.060492426,2,79.8
158,20,2016,3.0,2.0,1005687.0,96.826035,3.1739645,0.0,4.677052,2.32,1.1981859,0,-0.058745205,3,79.8
159,20,2017,5.0,5.0,1018735.0,96.826035,3.1739645,0.0,4.741868,2.322,1.191674,0,-0.059099317,5,-85.04
160,21,2010,7.0,7.0,1528958.0,13.518223,86.48177,7.5299435,3.7504244,0.354,1.1347598,0,-0.095155545,7,91.6
161,21,2011,3.0,3.0,1570943.0,13.518223,86.48177,7.5299435,3.8511007,0.372,1.1209828,0,-0.105744764,3,91.6
162,21,2012,7.0,7.0,1592167.0,13.518223,86.48177,7.5299435,3.8881574,0.392,1.2216055,0,-0.10279806,7,91.6
163,21,2013,10.0,10.0,1607437.0,13.518223,86.48177,7.5299435,3.9431145,0.426,1.223065,1,-0.09982729,10,79.8
164,21,2014,4.0,4.0,1635048.0,13.518223,86.48177,7.5299435,3.959482,0.45,1.2036344,1,-0.10052511,4,79.8
165,21,2015,7.0,7.0,1654196.0,13.518223,86.48177,7.5299435,4.004107,0.464,1.2114646,0,-0.09839186,7,79.8
166,21,2016,3.0,3.0,1673119.0,13.518223,86.48177,7.5299435,4.0304484,0.466,1.2019467,0,-0.09557715,3,79.8
167,21,2017,5.0,5.0,1699901.0,13.518223,86.48177,7.5299435,4.0682225,0.47,1.1912458,0,-0.09479064,5,-85.04
168,22,2010,2.0,2.0,390428.0,78.87033,0.0,0.0,4.438927,1.462,0.99890375,0,-0.059556708,2,91.6
169,22,2011,1.0,1.0,399316.0,78.87033,0.0,0.0,4.476826,1.526,0.9766701,0,-0.06701583,1,91.6
170,22,2012,0.0,0.0,399708.0,78.87033,0.0,0.0,4.502176,1.596,0.98071593,0,-0.061539054,,91.6
171,22,2013,2.0,2.0,398582.0,78.87033,0.0,0.0,4.529111,1.612,0.9809776,1,-0.06211579,2,79.8
172,22,2014,3.0,3.0,400280.0,78.87033,0.0,0.0,4.5668097,1.622,0.99180573,1,-0.06655297,3,79.8
173,22,2015,2.0,2.0,402537.0,78.87033,0.0,0.0,4.5807457,1.628,0.98624474,0,-0.061444998,2,79.8
174,22,2016,2.0,2.0,401701.0,78.87033,0.0,0.0,4.6015344,1.65,1.0007443,0,-0.071741104,2,79.8
175,22,2017,2.0,2.0,406855.0,78.87033,0.0,0.0,4.617132,1.632,0.9905249,0,-0.06677821,2,-85.04
176,23,2010,0.0,0.0,552646.0,52.16184,47.83816,5.3375382,4.0908766,1.08,1.69367,0,-0.13999462,,91.6
177,23,2011,4.0,4.0,558556.0,52.16184,47.83816,5.3375382,4.171932,1.076,1.6954433,0,-0.15038322,4,91.6
178,23,2012,2.0,2.0,562703.0,52.16184,47.83816,5.3375382,4.2104135,1.054,1.7149366,0,-0.14963853,2,91.6
179,23,2013,3.0,3.0,568239.0,52.16184,47.83816,5.3375382,4.238261,1.108,1.708788,1,-0.14652725,3,79.8
180,23,2014,1.0,1.0,568753.0,52.16184,47.83816,5.3375382,4.248102,1.132,1.6984526,1,-0.14656226,1,79.8
181,23,2015,1.0,1.0,574304.0,52.16184,47.83816,5.3375382,4.2946377,1.124,1.682036,0,-0.15082319,1,79.8
182,23,2016,4.0,4.0,578789.0,52.16184,47.83816,5.3375382,4.320339,1.114,1.6949182,0,-0.14964724,4,79.8
183,23,2017,2.0,2.0,583671.0,52.16184,47.83816,5.3375382,4.360137,1.1,1.6944478,0,-0.14547259,2,-85.04
184,24,2010,1.0,1.0,224949.0,74.11515,25.884853,5.0238805,4.3327394,1.05,2.4672258,0,-0.13605244,1,91.6
185,24,2011,0.0,0.0,215277.0,74.11515,25.884853,5.0238805,4.509616,1.068,2.5873642,0,-0.13390444,,91.6
186,24,2012,1.0,1.0,217886.0,74.11515,25.884853,5.0238805,4.5625615,1.076,2.593099,0,-0.12949583,1,91.6
187,24,2013,2.0,2.0,219996.0,74.11515,25.884853,5.0238805,4.567525,1.126,2.5955017,1,-0.13199343,2,79.8
188,24,2014,0.0,0.0,223633.0,74.11515,25.884853,5.0238805,4.5435896,1.168,2.5711768,1,-0.12808624,,79.8
189,24,2015,1.0,1.0,222918.0,74.11515,25.884853,5.0238805,4.5461855,1.146,2.579424,0,-0.1291135,1,79.8
190,24,2016,1.0,1.0,226032.0,74.11515,25.884853,5.0238805,4.5718765,1.13,2.5483117,0,-0.121268034,1,79.8
191,24,2017,0.0,0.0,231511.0,74.11515,25.884853,5.0238805,4.625414,1.216,2.5139194,0,-0.13138482,,-85.04
192,25,2010,1.0,1.0,769085.0,89.91422,10.085778,4.727388,3.966271,0.438,1.9490694,0,-0.12461251,1,91.6
193,25,2011,0.0,0.0,780847.0,89.91422,10.085778,4.727388,4.03749,0.47,1.9389201,0,-0.13010335,,91.6
194,25,2012,1.0,1.0,778195.0,89.91422,10.085778,4.727388,4.0680137,0.506,1.9879336,0,-0.13000569,1,91.6
195,25,2013,2.0,2.0,766729.0,89.91422,10.085778,4.727388,4.1279407,0.538,2.0359213,1,-0.12804809,2,79.8
196,25,2014,4.0,4.0,763320.0,89.91422,10.085778,4.727388,4.1578484,0.568,2.0594246,1,-0.14137927,4,79.8
197,25,2015,3.0,3.0,762321.0,89.91422,10.085778,4.727388,4.2106376,0.58,2.0621235,0,-0.13123101,3,79.8
198,25,2016,1.0,1.0,762021.0,89.91422,10.085778,4.727388,4.2625093,0.61,2.0891812,0,-0.12868217,1,79.8
199,25,2017,0.0,0.0,760476.0,89.91422,10.085778,4.727388,4.3137116,0.604,2.0960557,0,-0.12239158,,-85.04
200,26,2010,7.0,6.0,764584.0,98.23836,1.7616397,0.0,4.552857,1.864,0.9940046,0,-0.117694914,7,91.6
201,26,2011,2.0,2.0,781247.0,98.23836,1.7616397,0.0,4.6595516,1.942,0.9740837,0,-0.123453766,2,91.6
202,26,2012,2.0,2.0,789750.0,98.23836,1.7616397,0.0,4.6924458,1.99,0.97372586,0,-0.12475601,2,91.6
203,26,2013,0.0,0.0,799724.0,98.23836,1.7616397,0.0,4.7658396,2.014,0.9690843,1,-0.12537271,,79.8
204,26,2014,5.0,5.0,812320.0,98.23836,1.7616397,0.0,4.7719507,2.054,0.9565196,1,-0.12563664,5,79.8
205,26,2015,3.0,3.0,826716.0,98.23836,1.7616397,0.0,4.8085685,2.076,0.93986326,0,-0.123563915,3,79.8
206,26,2016,5.0,3.0,844842.0,98.23836,1.7616397,0.0,4.82583,2.066,0.92443323,0,-0.12332457,5,79.8
207,26,2017,1.0,0.0,860620.0,98.23836,1.7616397,0.0,4.867423,2.06,0.91097116,0,-0.12080121,1,-85.04
208,27,2010,12.0,12.0,1700763.0,73.88096,25.568472,3.9318256,4.0198135,1.08,0.52917427,0,-0.07118794,12,91.6
209,27,2011,12.0,12.0,1753596.0,73.88096,25.568472,3.9318256,4.1427894,1.112,0.5177932,0,-0.075817466,12,91.6
210,27,2012,4.0,4.0,1799558.0,73.88096,25.568472,3.9318256,4.1694922,1.168,0.519572,0,-0.07405621,4,91.6
211,27,2013,9.0,9.0,1844438.0,73.88096,25.568472,3.9318256,4.280359,1.234,0.51506203,1,-0.07170987,9,79.8
212,27,2014,12.0,12.0,1889466.0,73.88096,25.568472,3.9318256,4.3397803,1.296,0.51337254,1,-0.07063846,12,79.8
213,27,2015,13.0,12.0,1931836.0,73.88096,25.568472,3.9318256,4.416656,1.328,0.50211304,0,-0.0698681,13,79.8
214,27,2016,15.0,15.0,1974244.0,73.88096,25.568472,3.9318256,4.4338007,1.332,0.5131078,0,-0.06444614,15,79.8
215,27,2017,11.0,11.0,2005515.0,73.88096,25.568472,3.9318256,4.493878,1.292,0.51208794,0,-0.06282735,11,-85.04
216,28,2010,0.0,0.0,419256.0,100.0,0.0,2.0794415,4.0056815,1.092,3.3344781,0,-0.0928988,,91.6
217,28,2011,2.0,2.0,419498.0,100.0,0.0,2.0794415,4.0695252,1.152,3.3969173,0,-0.098205835,2,91.6
218,28,2012,1.0,1.0,419555.0,100.0,0.0,2.0794415,4.1035695,1.178,3.5513818,0,-0.095987976,1,91.6
219,28,2013,0.0,0.0,425007.0,100.0,0.0,2.0794415,4.1096416,1.172,3.5834703,1,-0.09507607,,79.8
220,28,2014,3.0,3.0,429984.0,100.0,0.0,2.0794415,4.118594,1.172,3.5908313,1,-0.0990147,3,79.8
221,28,2015,6.0,6.0,426686.0,100.0,0.0,2.0794415,4.316055,1.186,3.618586,0,-0.09825304,6,79.8
222,28,2016,1.0,1.0,444467.0,100.0,0.0,2.0794415,4.198023,1.2,3.5368204,0,-0.09385845,1,79.8
223,28,2017,2.0,2.0,437393.0,100.0,0.0,2.0794415,4.281758,1.196,3.612312,0,-0.09327191,2,-85.04
224,29,2010,0.0,0.0,129618.0,100.0,0.0,2.9957323,4.1688194,0.698,3.9269238,0,-0.14733773,,91.6
225,29,2011,0.0,0.0,132374.0,100.0,0.0,2.9957323,4.285647,0.708,3.8527203,0,-0.1534325,,91.6
226,29,2012,0.0,0.0,135216.0,100.0,0.0,2.9957323,4.2877274,0.654,3.8530943,0,-0.14618811,,91.6
227,29,2013,0.0,0.0,141412.0,100.0,0.0,2.9957323,4.3067126,0.654,3.7196279,1,-0.14571565,,79.8
228,29,2014,1.0,1.0,146353.0,100.0,0.0,2.9957323,4.3114843,0.658,3.6418796,1,-0.14623448,1,79.8
229,29,2015,0.0,0.0,151449.0,100.0,0.0,2.9957323,4.3037305,0.644,3.5193365,0,-0.1403149,,79.8
230,29,2016,0.0,0.0,172034.0,100.0,0.0,2.9957323,4.184597,0.6,3.1389143,0,-0.12060195,,79.8
231,29,2017,0.0,0.0,170173.0,100.0,0.0,2.9957323,4.218202,0.616,3.2202523,0,-0.109143764,,-85.04
232,30,2010,1.0,1.0,251302.0,14.350801,85.6492,8.323852,3.694077,0.114,1.6633373,0,-0.14519253,,91.6
233,30,2011,1.0,1.0,272165.0,14.350801,85.6492,8.323852,3.698223,0.126,1.579924,0,-0.17335929,,91.6
234,30,2012,0.0,0.0,279982.0,14.350801,85.6492,8.323852,3.7870822,0.126,1.7786858,0,-0.16672972,,91.6
235,30,2013,0.0,0.0,273041.0,14.350801,85.6492,8.323852,3.8600848,0.128,1.8202394,1,-0.16634548,,79.8
236,30,2014,0.0,0.0,276287.0,14.350801,85.6492,8.323852,3.8687658,0.132,1.8205706,1,-0.16954392,,79.8
237,30,2015,0.0,0.0,278775.0,14.350801,85.6492,8.323852,3.8974793,0.126,1.8043225,0,-0.1788203,,79.8
238,30,2016,3.0,3.0,267813.0,14.350801,85.6492,8.323852,4.009831,0.132,1.7810935,0,-0.16362609,,79.8
239,30,2017,0.0,0.0,275761.0,14.350801,85.6492,8.323852,4.0368657,0.14,1.744264,0,-0.16714136,,-85.04
240,31,2010,2.0,2.0,1480571.0,44.230022,1.4021523,4.1108737,4.0366592,1.15,0.6348902,0,-0.07042895,2,91.6
241,31,2011,1.0,1.0,1474223.0,44.230022,1.4021523,4.1108737,4.1797175,1.19,0.6450856,0,-0.069297835,1,91.6
242,31,2012,2.0,2.0,1483674.0,44.230022,1.4021523,4.1108737,4.1638083,1.238,0.6618705,0,-0.067791685,2,91.6
243,31,2013,2.0,2.0,1503066.0,44.230022,1.4021523,4.1108737,4.2050147,1.296,0.6659721,1,-0.07006943,2,79.8
244,31,2014,9.0,9.0,1519836.0,44.230022,1.4021523,4.1108737,4.2285075,1.334,0.67638874,1,-0.06927054,9,79.8
245,31,2015,5.0,5.0,1533507.0,44.230022,1.4021523,4.1108737,4.2884345,1.372,0.67035884,0,-0.065653756,5,79.8
246,31,2016,0.0,0.0,1555165.0,44.230022,1.4021523,4.1108737,4.332336,1.388,0.68031365,0,-0.06668307,,79.8
247,31,2017,6.0,6.0,1575226.0,44.230022,1.4021523,4.1108737,4.4176645,1.404,0.6811721,0,-0.062403575,6,-85.04
248,32,2010,0.0,0.0,448298.0,96.436104,0.0,0.0,4.259366,1.26,1.5503081,0,-0.112201944,,91.6
249,32,2011,1.0,1.0,411245.0,96.436104,0.0,0.0,4.461946,1.226,1.6997167,0,-0.10404074,1,91.6
250,32,2012,0.0,0.0,416663.0,96.436104,0.0,0.0,4.4241343,1.286,1.706415,0,-0.10039747,,91.6
251,32,2013,1.0,1.0,417774.0,96.436104,0.0,0.0,4.4291835,1.36,1.7114516,1,-0.102053225,1,79.8
252,32,2014,0.0,0.0,418780.0,96.436104,0.0,0.0,4.4606776,1.44,1.7264435,1,-0.10852581,,79.8
253,32,2015,0.0,0.0,421766.0,96.436104,0.0,0.0,4.467695,1.504,1.7142206,0,-0.10672572,,79.8
254,32,2016,2.0,2.0,427324.0,96.436104,0.0,0.0,4.5439067,1.554,1.7153261,0,-0.10186046,2,79.8
255,32,2017,1.0,1.0,433830.0,96.436104,0.0,0.0,4.55879,1.534,1.6988221,0,-0.10138446,1,-85.04
256,33,2010,10.0,9.0,1647899.0,83.73286,14.965773,1.9459101,4.2847815,1.644,0.86959213,0,-0.06238386,10,91.6
257,33,2011,10.0,9.0,1667939.0,83.73286,14.965773,1.9459101,4.3697577,1.688,0.86753774,0,-0.06724237,10,91.6
258,33,2012,3.0,3.0,1682848.0,83.73286,14.965773,1.9459101,4.4064612,1.786,0.8830269,0,-0.06618868,3,91.6
259,33,2013,5.0,5.0,1705774.0,83.73286,14.965773,1.9459101,4.4242086,1.856,0.87877995,1,-0.06602843,5,79.8
260,33,2014,9.0,9.0,1727255.0,83.73286,14.965773,1.9459101,4.467095,1.914,0.88348275,1,-0.06672171,9,79.8
261,33,2015,10.0,9.0,1745221.0,83.73286,14.965773,1.9459101,4.5271597,1.962,0.8743878,0,-0.06584355,10,79.8
262,33,2016,8.0,8.0,1773852.0,83.73286,14.965773,1.9459101,4.5583253,2.012,0.86929464,0,-0.06446496,8,79.8
263,33,2017,5.0,5.0,1793931.0,83.73286,14.965773,1.9459101,4.6051116,2.02,0.86736894,0,-0.06379816,5,-85.04
264,34,2010,37.0,36.0,13255685.0,87.65423,10.784004,2.9957323,4.986245,1.726,0.23288122,0,-0.046082497,37,91.6
265,34,2011,27.0,24.0,13624240.0,87.65423,10.784004,2.9957323,5.0965643,1.756,0.22848982,0,-0.048843563,27,91.6
266,34,2012,31.0,30.0,13854740.0,87.65423,10.784004,2.9957323,5.122495,1.804,0.23024611,0,-0.04801953,31,91.6
267,34,2013,28.0,26.0,14160467.0,87.65423,10.784004,2.9957323,5.1708393,1.868,0.22760549,1,-0.046464473,28,79.8
268,34,2014,46.0,42.0,14377018.0,87.65423,10.784004,2.9957323,5.1870613,1.926,0.22737677,1,-0.04894334,46,79.8
269,34,2015,34.0,31.0,14657434.0,87.65423,10.784004,2.9957323,5.246823,1.95,0.22630155,0,-0.047354907,34,79.8
270,34,2016,27.0,26.0,14804116.0,87.65423,10.784004,2.9957323,5.2765107,1.954,0.2266937,0,-0.04415655,27,79.8
271,34,2017,37.0,37.0,15029231.0,87.65423,10.784004,2.9957323,5.339387,1.936,0.22642542,0,-0.043720037,37,-85.04
272,35,2010,15.0,13.0,3948848.0,93.250244,5.1960487,1.609438,4.6284914,2.468,0.44747227,0,-0.049854547,,91.6
273,35,2011,20.0,20.0,3965232.0,93.250244,5.1960487,1.609438,4.7580657,2.554,0.44940624,0,-0.053272635,,91.6
274,35,2012,15.0,15.0,4005459.0,93.250244,5.1960487,1.609438,4.7837796,2.638,0.45512885,0,-0.051101744,,91.6
275,35,2013,16.0,15.0,4061074.0,93.250244,5.1960487,1.609438,4.8309145,2.724,0.45406708,1,-0.049664557,,79.8
276,35,2014,14.0,13.0,4113072.0,93.250244,5.1960487,1.609438,4.851921,2.754,0.45318925,1,-0.051433384,,79.8
277,35,2015,19.0,18.0,4168415.0,93.250244,5.1960487,1.609438,4.8763027,2.75,0.44717237,0,-0.051036984,,79.8
278,35,2016,19.0,18.0,4223545.0,93.250244,5.1960487,1.609438,4.901576,2.742,0.44630754,0,-0.047436655,,79.8
279,35,2017,23.0,22.0,4279677.0,93.250244,5.1960487,1.609438,4.972736,2.704,0.44279042,0,-0.047745496,,-85.04
280,36,2010,1.0,1.0,301766.0,33.109703,65.159454,5.5412636,3.7948122,0.46,1.6171471,0,-0.07830125,1,91.6
281,36,2011,2.0,2.0,305755.0,33.109703,65.159454,5.5412636,3.8606033,0.444,1.5993197,0,-0.08687709,2,91.6
282,36,2012,1.0,1.0,304821.0,33.109703,65.159454,5.5412636,3.916722,0.462,1.6501487,0,-0.080963954,1,91.6
283,36,2013,0.0,0.0,300874.0,33.109703,65.159454,5.5412636,3.9023468,0.458,1.6717962,1,-0.078230575,,79.8
284,36,2014,1.0,1.0,296466.0,33.109703,65.159454,5.5412636,3.9463208,0.478,1.7000263,1,-0.08221136,1,79.8
285,36,2015,3.0,3.0,292660.0,33.109703,65.159454,5.5412636,4.0801373,0.484,1.722135,0,-0.08326778,3,79.8
286,36,2016,0.0,0.0,289786.0,33.109703,65.159454,5.5412636,4.1007047,0.474,1.7564685,0,-0.08319551,,79.8
287,36,2017,1.0,1.0,287654.0,33.109703,65.159454,5.5412636,4.1850333,0.462,1.7868689,0,-0.08168711,1,-85.04
288,37,2010,2.0,2.0,361222.0,100.0,0.0,0.0,4.2515025,0.99,7.0482974,0,-0.113774836,2,91.6
289,37,2011,1.0,1.0,359759.0,100.0,0.0,0.0,4.3644905,1.044,7.0797396,0,-0.12289959,1,91.6
290,37,2012,2.0,2.0,359808.0,100.0,0.0,0.0,4.3742867,1.124,7.1621532,0,-0.11944857,2,91.6
291,37,2013,1.0,1.0,368093.0,100.0,0.0,0.0,4.3702903,1.21,7.038982,1,-0.12846126,1,79.8
292,37,2014,1.0,1.0,368907.0,100.0,0.0,0.0,4.4090166,1.222,7.0505576,1,-0.12947428,1,79.8
293,37,2015,1.0,1.0,372633.0,100.0,0.0,0.0,4.4377966,1.194,7.0042105,0,-0.11457083,1,79.8
294,37,2016,1.0,1.0,376945.0,100.0,0.0,0.0,4.458226,1.152,6.953269,0,-0.11499326,1,79.8
295,37,2017,3.0,3.0,372373.0,100.0,0.0,0.0,4.516925,1.08,7.0037303,0,-0.11128296,3,-85.04
296,38,2010,4.0,4.0,1234651.0,97.985466,1.5108991,2.0794415,4.3289356,1.482,1.0156716,0,-0.09737393,4,91.6
297,38,2011,5.0,5.0,1255349.0,97.985466,1.5108991,2.0794415,4.460185,1.532,1.0124675,0,-0.10133074,5,91.6
298,38,2012,5.0,5.0,1274968.0,97.985466,1.5108991,2.0794415,4.484106,1.568,1.0110058,0,-0.09962909,5,91.6
299,38,2013,2.0,2.0,1295355.0,97.985466,1.5108991,2.0794415,4.5427604,1.644,1.0020419,1,-0.0974513,2,79.8
300,38,2014,5.0,5.0,1322376.0,97.985466,1.5108991,2.0794415,4.549368,1.702,0.99366593,1,-0.09648046,5,79.8
301,38,2015,1.0,1.0,1341056.0,97.985466,1.5108991,2.0794415,4.58063,1.776,0.97982484,0,-0.095449686,1,79.8
302,38,2016,5.0,5.0,1358980.0,97.985466,1.5108991,2.0794415,4.607557,1.826,0.9875053,0,-0.09180018,5,79.8
303,38,2017,7.0,7.0,1376722.0,97.985466,1.5108991,2.0794415,4.6627674,1.91,0.9885801,0,-0.08840719,7,-85.04
304,39,2010,0.0,0.0,332791.0,97.83387,2.1661334,0.0,4.6138206,1.456,0.838364,0,-0.07674372,,91.6
305,39,2011,1.0,1.0,340199.0,97.83387,2.1661334,0.0,4.674813,1.536,0.82598716,0,-0.08374122,1,91.6
306,39,2012,1.0,1.0,341218.0,97.83387,2.1661334,0.0,4.705574,1.586,0.8440352,0,-0.080507606,1,91.6
307,39,2013,0.0,0.0,340559.0,97.83387,2.1661334,0.0,4.7325473,1.622,0.8574138,1,-0.08499092,,79.8
308,39,2014,0.0,0.0,343723.0,97.83387,2.1661334,0.0,4.741452,1.652,0.85824925,1,-0.08402157,,79.8
309,39,2015,3.0,3.0,346973.0,97.83387,2.1661334,0.0,4.75844,1.726,0.8530923,0,-0.080669194,3,79.8
310,39,2016,1.0,1.0,351684.0,97.83387,2.1661334,0.0,4.7741847,1.75,0.8473516,0,-0.075142026,1,79.8
311,39,2017,0.0,0.0,356050.0,97.83387,2.1661334,0.0,4.819491,1.768,0.8397697,0,-0.08157769,,-85.04
312,40,2010,0.0,0.0,221876.0,100.0,0.0,0.0,4.191758,1.97,2.1543565,0,-0.11007245,,91.6
313,40,2011,2.0,2.0,221015.0,100.0,0.0,0.0,4.2947774,1.922,2.176323,0,-0.119208276,2,91.6
314,40,2012,0.0,0.0,221209.0,100.0,0.0,0.0,4.268907,1.886,2.1924968,0,-0.12171771,,91.6
315,40,2013,1.0,1.0,223498.0,100.0,0.0,0.0,4.2790422,1.928,2.1700418,1,-0.12250973,1,79.8
316,40,2014,1.0,1.0,222707.0,100.0,0.0,0.0,4.2893653,1.876,2.2002003,1,-0.12569246,1,79.8
317,40,2015,1.0,1.0,225562.0,100.0,0.0,0.0,4.334091,1.862,2.1723518,0,-0.122924864,1,79.8
318,40,2016,0.0,0.0,229975.0,100.0,0.0,0.0,4.3859234,1.856,2.152408,0,-0.12855989,,79.8
319,40,2017,0.0,0.0,234529.0,100.0,0.0,0.0,4.475439,1.808,2.1191409,0,-0.12816462,,-85.04
320,41,2010,4.0,4.0,1560138.0,95.4914,3.6995463,0.6931472,4.8987656,1.388,0.70442486,0,-0.10474275,4,91.6
321,41,2011,4.0,3.0,1601720.0,95.4914,3.6995463,0.6931472,5.06984,1.446,0.68988335,0,-0.11161953,4,91.6
322,41,2012,4.0,3.0,1634691.0,95.4914,3.6995463,0.6931472,5.080679,1.53,0.698603,0,-0.108835936,4,91.6
323,41,2013,8.0,8.0,1676202.0,95.4914,3.6995463,0.6931472,5.1617513,1.594,0.68965435,1,-0.108412385,8,79.8
324,41,2014,7.0,7.0,1722795.0,95.4914,3.6995463,0.6931472,5.1781464,1.646,0.68319213,1,-0.10751453,7,79.8
325,41,2015,11.0,11.0,1780055.0,95.4914,3.6995463,0.6931472,5.220606,1.652,0.66121554,0,-0.10554823,11,79.8
326,41,2016,10.0,10.0,1830772.0,95.4914,3.6995463,0.6931472,5.236729,1.652,0.6527301,0,-0.10142526,10,79.8
327,41,2017,8.0,8.0,1883270.0,95.4914,3.6995463,0.6931472,5.3269887,1.664,0.63984454,0,-0.09955317,8,-85.04
328,42,2010,6.0,6.0,2013845.0,94.70968,5.032991,0.0,4.1748667,1.45,1.5021017,0,-0.10288535,6,91.6
329,42,2011,7.0,6.0,2038555.0,94.70968,5.032991,0.0,4.3085546,1.494,1.4941957,0,-0.105235815,7,91.6
330,42,2012,5.0,5.0,2052281.0,94.70968,5.032991,0.0,4.3156376,1.544,1.50418,0,-0.10298675,5,91.6
331,42,2013,8.0,8.0,2079225.0,94.70968,5.032991,0.0,4.4003887,1.636,1.4899782,1,-0.102677464,8,79.8
332,42,2014,10.0,10.0,2108808.0,94.70968,5.032991,0.0,4.4550886,1.708,1.4771378,1,-0.101126835,10,79.8
333,42,2015,5.0,5.0,2130544.0,94.70968,5.032991,0.0,4.5075774,1.72,1.4709858,0,-0.09994629,5,79.8
334,42,2016,10.0,9.0,2161303.0,94.70968,5.032991,0.0,4.5246987,1.722,1.4625436,0,-0.097467184,10,79.8
335,42,2017,10.0,10.0,2180149.0,94.70968,5.032991,0.0,4.5840034,1.7,1.4599919,0,-0.09433521,10,-85.04
336,43,2010,3.0,3.0,590496.0,100.0,0.0,0.0,4.208087,1.2,1.9932396,0,-0.15099885,3,91.6
337,43,2011,1.0,1.0,564264.0,100.0,0.0,0.0,4.345662,1.266,2.0983086,0,-0.14436466,1,91.6
338,43,2012,0.0,0.0,573421.0,100.0,0.0,0.0,4.3293304,1.372,2.075264,0,-0.14155006,,91.6
339,43,2013,1.0,1.0,572059.0,100.0,0.0,0.0,4.3748155,1.486,2.1029298,1,-0.14735967,1,79.8
340,43,2014,2.0,2.0,571554.0,100.0,0.0,0.0,4.4046183,1.528,2.1100368,1,-0.14373343,2,79.8
341,43,2015,2.0,2.0,571463.0,100.0,0.0,0.0,4.4447193,1.534,2.1103728,0,-0.14386019,2,79.8
342,43,2016,2.0,2.0,573642.0,100.0,0.0,0.0,4.46659,1.532,2.1232755,0,-0.14451136,2,79.8
343,43,2017,1.0,1.0,572256.0,100.0,0.0,0.0,4.5220056,1.492,2.138903,0,-0.14418888,1,-85.04
344,44,2010,5.0,4.0,740643.0,62.074455,37.925545,4.204693,3.9656427,0.958,1.235413,0,-0.102835625,5,91.6
345,44,2011,2.0,2.0,757930.0,62.074455,37.925545,4.204693,4.0777946,1.004,1.2138324,0,-0.10892251,2,91.6
346,44,2012,1.0,1.0,762366.0,62.074455,37.925545,4.204693,4.09874,1.03,1.2251333,0,-0.106465414,1,91.6
347,44,2013,3.0,3.0,762538.0,62.074455,37.925545,4.204693,4.1313863,1.048,1.2235456,1,-0.104867265,3,79.8
348,44,2014,2.0,2.0,769544.0,62.074455,37.925545,4.204693,4.135721,1.086,1.2215027,1,-0.10586667,2,79.8
349,44,2015,4.0,4.0,772904.0,62.074455,37.925545,4.204693,4.2321362,1.12,1.2161925,0,-0.10464284,4,79.8
350,44,2016,2.0,2.0,781305.0,62.074455,37.925545,4.204693,4.2475476,1.13,1.2312733,0,-0.102001995,2,79.8
351,44,2017,0.0,0.0,786676.0,62.074455,37.925545,4.204693,4.28401,1.194,1.2304939,0,-0.09954375,,-85.04
352,45,2010,2.0,2.0,1379484.0,93.19545,5.44364,0.0,4.318248,1.424,1.1903001,0,-0.07939531,2,91.6
353,45,2011,2.0,2.0,1340074.0,93.19545,5.44364,0.0,4.4384155,1.494,1.2327677,0,-0.07245448,2,91.6
354,45,2012,2.0,2.0,1346162.0,93.19545,5.44364,0.0,4.558568,1.552,1.2524495,0,-0.070346564,2,91.6
355,45,2013,2.0,2.0,1359463.0,93.19545,5.44364,0.0,4.566087,1.622,1.248287,1,-0.07199071,2,79.8
356,45,2014,3.0,3.0,1367905.0,93.19545,5.44364,0.0,4.6059213,1.68,1.2486247,1,-0.07288587,3,79.8
357,45,2015,8.0,8.0,1380366.0,93.19545,5.44364,0.0,4.652464,1.696,1.237353,0,-0.07192984,8,79.8
358,45,2016,5.0,4.0,1396945.0,93.19545,5.44364,0.0,4.681948,1.748,1.2341216,0,-0.07140918,4,79.8
359,45,2017,9.0,9.0,1413041.0,93.19545,5.44364,0.0,4.7319493,1.768,1.2250175,0,-0.07280883,9,-85.04
360,46,2010,2.0,1.0,1044816.0,95.26892,4.7310824,5.159055,4.021479,1.204,1.2049968,0,-0.094334856,2,91.6
361,46,2011,6.0,5.0,1054210.0,95.26892,4.7310824,5.159055,4.0945826,1.252,1.2046936,0,-0.10169202,6,91.6
362,46,2012,2.0,2.0,1063174.0,95.26892,4.7310824,5.159055,4.102463,1.294,1.2236943,0,-0.10004158,2,91.6
363,46,2013,0.0,0.0,1075706.0,95.26892,4.7310824,5.159055,4.154016,1.342,1.207579,1,-0.098396435,,79.8
364,46,2014,2.0,2.0,1089038.0,95.26892,4.7310824,5.159055,4.170149,1.356,1.1983052,1,-0.099629536,2,79.8
365,46,2015,5.0,3.0,1096610.0,95.26892,4.7310824,5.159055,4.2310643,1.356,1.190031,0,-0.09937684,5,79.8
366,46,2016,1.0,1.0,1112634.0,95.26892,4.7310824,5.159055,4.2413235,1.34,1.1890702,0,-0.100088954,1,79.8
367,46,2017,1.0,1.0,1127623.0,95.26892,4.7310824,5.159055,4.299322,1.328,1.1785854,0,-0.09572914,1,-85.04
368,47,2010,0.0,0.0,744606.0,5.6485295,74.41578,6.916715,3.7599597,0.278,1.3322482,0,-0.106708325,,91.6
369,47,2011,1.0,1.0,764033.0,5.6485295,74.41578,6.916715,3.8418536,0.3,1.3284767,0,-0.117427886,1,91.6
370,47,2012,2.0,2.0,773026.0,5.6485295,74.41578,6.916715,3.914484,0.316,1.3958133,0,-0.115302496,2,91.6
371,47,2013,4.0,1.0,779738.0,5.6485295,74.41578,6.916715,3.9714856,0.354,1.4081653,1,-0.11445807,4,79.8
372,47,2014,0.0,0.0,788996.0,5.6485295,74.41578,6.916715,3.9993203,0.372,1.4131885,1,-0.11611108,,79.8
373,47,2015,1.0,1.0,796591.0,5.6485295,74.41578,6.916715,4.0693417,0.392,1.4172894,0,-0.11661576,1,79.8
374,47,2016,2.0,2.0,796237.0,5.6485295,74.41578,6.916715,4.0894184,0.394,1.4304786,0,-0.11556141,2,79.8
375,47,2017,0.0,0.0,809719.0,5.6485295,74.41578,6.916715,4.147083,0.394,1.4276558,0,-0.11183494,,-85.04
376,48,2010,9.0,9.0,817503.0,96.95551,3.044484,0.0,4.5770826,2.1,1.2978545,0,-0.046528593,9,91.6
377,48,2011,2.0,2.0,838324.0,96.95551,3.044484,0.0,4.668637,2.19,1.269199,0,-0.050266445,2,91.6
378,48,2012,2.0,2.0,851145.0,96.95551,3.044484,0.0,4.6713595,2.262,1.2712288,0,-0.048814476,2,91.6
379,48,2013,4.0,4.0,866665.0,96.95551,3.044484,0.0,4.690169,2.384,1.2334639,1,-0.04919654,4,79.8
380,48,2014,6.0,6.0,894509.0,96.95551,3.044484,0.0,4.7009473,2.47,1.2096021,1,-0.049729824,6,79.8
381,48,2015,8.0,8.0,908877.0,96.95551,3.044484,0.0,4.741155,2.5,1.1904801,0,-0.050123364,8,79.8
382,48,2016,7.0,7.0,923773.0,96.95551,3.044484,0.0,4.7335443,2.508,1.1777785,0,-0.046581686,6,79.8
383,48,2017,4.0,4.0,938751.0,96.95551,3.044484,0.0,4.787191,2.532,1.1621826,0,-0.048058063,4,-85.04
384,49,2010,0.0,0.0,406886.0,12.41307,87.58693,5.710427,3.7037385,0.18,1.3394415,0,-0.09599559,,91.6
385,49,2011,0.0,0.0,414706.0,12.41307,87.58693,5.710427,3.801246,0.176,1.3479428,0,-0.110323295,,91.6
386,49,2012,0.0,0.0,413260.0,12.41307,87.58693,5.710427,3.8778276,0.18,1.4567101,0,-0.110103026,,91.6
387,49,2013,0.0,0.0,412553.0,12.41307,87.58693,5.710427,3.8999684,0.196,1.47375,1,-0.11149418,,79.8
388,49,2014,1.0,1.0,411216.0,12.41307,87.58693,5.710427,3.8826766,0.212,1.4299054,1,-0.109665394,1,79.8
389,49,2015,0.0,0.0,408728.0,12.41307,87.58693,5.710427,3.9136527,0.218,1.4386095,0,-0.10923253,,79.8
390,49,2016,0.0,0.0,406501.0,12.41307,87.58693,5.710427,3.9346924,0.234,1.4735512,0,-0.1110353,,79.8
391,49,2017,4.0,4.0,404544.0,12.41307,87.58693,5.710427,3.9550626,0.248,1.4979829,0,-0.109394014,4,-85.04
392,50,2010,0.0,0.0,282337.0,98.46334,1.536656,0.0,4.2056675,1.822,1.7213472,0,-0.09379633,,91.6
393,50,2011,4.0,3.0,283247.0,98.46334,1.536656,0.0,4.3059297,1.902,1.7299389,0,-0.09980464,4,91.6
394,50,2012,0.0,0.0,285190.0,98.46334,1.536656,0.0,4.2653456,2.034,1.7041271,0,-0.096967265,,91.6
395,50,2013,2.0,1.0,285460.0,98.46334,1.536656,0.0,4.3238873,2.098,1.7165277,1,-0.094533324,2,79.8
396,50,2014,0.0,0.0,286250.0,98.46334,1.536656,0.0,4.3604574,2.114,1.7117904,1,-0.103636965,,79.8
397,50,2015,1.0,1.0,286767.0,98.46334,1.536656,0.0,4.4287744,2.016,1.7087042,0,-0.097280964,1,79.8
398,50,2016,0.0,0.0,290895.0,98.46334,1.536656,0.0,4.4001474,1.926,1.7153956,0,-0.09070784,,79.8
399,50,2017,1.0,1.0,292365.0,98.46334,1.536656,0.0,4.424759,1.812,1.7170318,0,-0.08512807,1,-85.04
400,51,2010,2.0,2.0,337931.0,100.0,0.0,0.6931472,4.057916,1.106,1.189592,0,-0.06664352,2,91.6
401,51,2011,0.0,0.0,337553.0,100.0,0.0,0.6931472,4.1939383,1.156,1.190924,0,-0.07634804,,91.6
402,51,2012,1.0,1.0,340270.0,100.0,0.0,0.6931472,4.200019,1.252,1.2078643,0,-0.075354636,1,91.6
403,51,2013,0.0,0.0,343658.0,100.0,0.0,0.6931472,4.216013,1.3,1.204686,1,-0.07217871,,79.8
404,51,2014,0.0,0.0,343898.0,100.0,0.0,0.6931472,4.279887,1.416,1.2183845,1,-0.0743566,,79.8
405,51,2015,0.0,0.0,346114.0,100.0,0.0,0.6931472,4.3734016,1.448,1.2105838,0,-0.068863764,,79.8
406,51,2016,0.0,0.0,351468.0,100.0,0.0,0.6931472,4.3418717,1.478,1.2149043,0,-0.06949444,,79.8
407,51,2017,0.0,0.0,352727.0,100.0,0.0,0.6931472,4.389203,1.52,1.2304133,0,-0.06763226,,-85.04
408,52,2010,1.0,1.0,719183.0,99.46681,0.5331909,2.5649493,3.9049017,0.958,2.750343,0,-0.081231326,1,91.6
409,52,2011,2.0,2.0,714390.0,99.46681,0.5331909,2.5649493,3.987195,0.952,2.8037906,0,-0.08759639,2,91.6
410,52,2012,1.0,1.0,741371.0,99.46681,0.5331909,2.5649493,4.0076537,0.982,2.758403,0,-0.08694996,1,91.6
411,52,2013,2.0,2.0,731452.0,99.46681,0.5331909,2.5649493,4.0621123,1.034,2.8204174,1,-0.08867696,2,79.8
412,52,2014,2.0,2.0,724268.0,99.46681,0.5331909,2.5649493,4.1027946,1.082,2.8704844,1,-0.09174737,2,79.8
413,52,2015,0.0,0.0,728949.0,99.46681,0.5331909,2.5649493,4.3040366,1.102,2.853423,0,-0.092997804,,79.8
414,52,2016,2.0,2.0,750588.0,99.46681,0.5331909,2.5649493,4.174966,1.152,2.7751577,0,-0.092999175,2,79.8
415,52,2017,0.0,0.0,742341.0,99.46681,0.5331909,2.5649493,4.262433,1.158,2.8167648,0,-0.09021041,,-85.04
416,53,2010,0.0,0.0,319637.0,92.296585,0.0,0.0,4.295877,0.666,3.2130198,0,-0.10376616,,91.6
417,53,2011,1.0,1.0,323012.0,92.296585,0.0,0.0,4.3750787,0.692,3.2011194,0,-0.110274225,1,91.6
418,53,2012,0.0,0.0,324152.0,92.296585,0.0,0.0,4.44791,0.734,3.239221,0,-0.110664725,,91.6
419,53,2013,0.0,0.0,328205.0,92.296585,0.0,0.0,4.4758844,0.764,3.2205482,1,-0.11208917,,79.8
420,53,2014,1.0,1.0,329779.0,92.296585,0.0,0.0,4.5220304,0.808,3.208209,1,-0.11410415,1,79.8
421,53,2015,0.0,0.0,328979.0,92.296585,0.0,0.0,4.5689073,0.824,3.2160108,0,-0.112131834,,79.8
422,53,2016,1.0,1.0,331048.0,92.296585,0.0,0.0,4.587012,0.886,3.2110147,0,-0.108263314,1,79.8
423,53,2017,0.0,0.0,331041.0,92.296585,0.0,0.0,4.642291,0.902,3.2473319,0,-0.10670996,,-85.04
424,54,2010,3.0,3.0,872872.0,96.85635,1.5718229,0.0,4.3690825,1.3,1.4183065,0,-0.10172537,3,91.6
425,54,2011,3.0,3.0,888556.0,96.85635,1.5718229,0.0,4.480398,1.34,1.4022752,0,-0.1089388,3,91.6
426,54,2012,1.0,1.0,902267.0,96.85635,1.5718229,0.0,4.5201325,1.37,1.4164321,0,-0.10284929,1,91.6
427,54,2013,3.0,3.0,917373.0,96.85635,1.5718229,0.0,4.5737014,1.416,1.120591,1,-0.101777464,3,79.8
428,54,2014,2.0,2.0,932706.0,96.85635,1.5718229,0.0,4.603193,1.498,1.3959383,1,-0.10315585,2,79.8
429,54,2015,1.0,1.0,953181.0,96.85635,1.5718229,0.0,4.6705885,1.522,1.3659525,0,-0.100708246,1,79.8
430,54,2016,1.0,1.0,976948.0,96.85635,1.5718229,0.0,4.680622,1.546,1.3357927,0,-0.09813422,1,79.8
431,54,2017,3.0,2.0,990214.0,96.85635,1.5718229,0.0,4.7573857,1.586,1.3290056,0,-0.09470931,3,-85.04
432,55,2010,2.0,2.0,1252693.0,99.15885,0.42057377,1.3862944,4.1601453,1.15,2.0851078,0,-0.06644544,2,91.6
433,55,2011,3.0,3.0,1251729.0,99.15885,0.42057377,1.3862944,4.251144,1.2,2.0939038,0,-0.07022995,3,91.6
434,55,2012,4.0,4.0,1251722.0,99.15885,0.42057377,1.3862944,4.307127,1.26,2.1082957,0,-0.069255605,4,91.6
435,55,2013,4.0,4.0,1261810.0,99.15885,0.42057377,1.3862944,4.3444147,1.334,2.1049128,1,-0.06843212,4,79.8
436,55,2014,1.0,1.0,1269989.0,99.15885,0.42057377,1.3862944,4.371438,1.386,2.10553,1,-0.07083377,1,79.8
437,55,2015,6.0,6.0,1279884.0,99.15885,0.42057377,1.3862944,4.4373136,1.44,2.094721,0,-0.06789029,6,79.8
438,55,2016,2.0,2.0,1295927.0,99.15885,0.42057377,1.3862944,4.4397845,1.446,2.0819073,0,-0.064232886,2,79.8
439,55,2017,3.0,3.0,1312990.0,99.15885,0.42057377,1.3862944,4.471231,1.444,2.0655146,0,-0.06346375,3,-85.04
440,56,2010,1.0,1.0,300695.0,0.0,100.0,7.115582,3.709712,0.16,1.8690035,0,-0.124649145,1,91.6
441,56,2011,0.0,0.0,310468.0,0.0,100.0,7.115582,3.8131597,0.164,1.8745893,0,-0.14796823,,91.6
442,56,2012,0.0,0.0,310879.0,0.0,100.0,7.115582,3.8738222,0.174,2.007212,0,-0.1424568,,91.6
443,56,2013,0.0,0.0,314153.0,0.0,100.0,7.115582,3.915474,0.208,2.0085754,1,-0.1425717,,79.8
444,56,2014,0.0,0.0,318366.0,0.0,100.0,7.115582,3.9159677,0.234,1.9568672,1,-0.14423992,,79.8
445,56,2015,1.0,1.0,320351.0,0.0,100.0,7.115582,3.9155364,0.246,1.9447418,0,-0.14923121,1,79.8
446,56,2016,0.0,0.0,322664.0,0.0,100.0,7.115582,3.9416695,0.26,2.0020826,0,-0.14841604,,79.8
447,56,2017,1.0,1.0,324394.0,0.0,100.0,7.115582,3.9790277,0.264,1.9759922,0,-0.14243114,1,-85.04
448,57,2010,0.0,0.0,202740.0,100.0,0.0,0.0,4.102435,1.354,5.1741147,0,-0.07590629,,91.6
449,57,2011,0.0,0.0,203027.0,100.0,0.0,0.0,4.223087,1.342,5.1668005,0,-0.082409844,,91.6
450,57,2012,1.0,1.0,201311.0,100.0,0.0,0.0,4.259442,1.32,5.379736,0,-0.08322488,1,91.6
451,57,2013,0.0,0.0,204568.0,100.0,0.0,0.0,4.2858686,1.346,5.3380785,1,-0.08321872,,79.8
452,57,2014,0.0,0.0,204526.0,100.0,0.0,0.0,4.2597156,1.342,5.3978467,1,-0.0838989,,79.8
453,57,2015,0.0,0.0,204133.0,100.0,0.0,0.0,4.2876377,1.35,5.408239,0,-0.08319084,,79.8
454,57,2016,0.0,0.0,205478.0,100.0,0.0,0.0,4.325965,1.388,5.4750385,0,-0.08350344,,79.8
455,57,2017,1.0,1.0,207427.0,100.0,0.0,0.0,4.329679,1.42,5.452521,0,-0.07770009,1,-85.04
456,58,2010,0.0,0.0,642224.0,100.0,0.0,4.836282,4.1408854,0.96,2.0429008,0,-0.1153592,,91.6
457,58,2011,0.0,0.0,627056.0,100.0,0.0,4.836282,4.2873635,0.94,2.1002908,0,-0.11584984,,91.6
458,58,2012,0.0,0.0,623535.0,100.0,0.0,4.836282,4.3089576,0.978,2.1281884,0,-0.115930825,,91.6
459,58,2013,1.0,1.0,623824.0,100.0,0.0,4.836282,4.3358116,0.988,2.1288056,1,-0.115213335,1,79.8
460,58,2014,1.0,1.0,623116.0,100.0,0.0,4.836282,4.3357663,1.018,2.1456678,1,-0.11460896,1,79.8
461,58,2015,3.0,3.0,618617.0,100.0,0.0,4.836282,4.3890247,1.05,2.1612728,0,-0.11281741,3,79.8
462,58,2016,0.0,0.0,621224.0,100.0,0.0,4.836282,4.4154587,1.104,2.1554222,0,-0.11224586,,79.8
463,58,2017,2.0,2.0,621301.0,100.0,0.0,4.836282,4.4624977,1.118,2.1648123,0,-0.112320095,2,-85.04
464,59,2010,4.0,4.0,798109.0,96.51026,2.617305,0.6931472,4.714453,1.582,0.6051805,0,-0.07530621,4,91.6
465,59,2011,3.0,3.0,829873.0,96.51026,2.617305,0.6931472,4.836992,1.648,0.5880418,0,-0.08347967,3,91.6
466,59,2012,5.0,5.0,852321.0,96.51026,2.617305,0.6931472,4.842928,1.736,0.5807671,0,-0.08176045,5,91.6
467,59,2013,1.0,0.0,874475.0,96.51026,2.617305,0.6931472,4.889511,1.796,0.5729152,1,-0.083796084,1,79.8
468,59,2014,1.0,1.0,906732.0,96.51026,2.617305,0.6931472,4.9049006,1.86,0.56356233,1,-0.0854153,1,79.8
469,59,2015,2.0,2.0,937910.0,96.51026,2.617305,0.6931472,4.9271426,1.89,0.5448284,0,-0.08389118,2,79.8
470,59,2016,1.0,1.0,972875.0,96.51026,2.617305,0.6931472,4.9481835,1.928,0.5386098,0,-0.080610186,1,79.8
471,59,2017,5.0,5.0,1005463.0,96.51026,2.617305,0.6931472,5.0158367,1.944,0.5281149,0,-0.08148053,5,-85.04
472,60,2010,0.0,0.0,617802.0,100.0,0.0,3.7841897,3.9223578,0.91,1.8452514,0,-0.10495323,,91.6
473,60,2011,4.0,4.0,608299.0,100.0,0.0,3.7841897,3.9898791,0.946,1.8757223,0,-0.1067501,4,91.6
474,60,2012,0.0,0.0,613990.0,100.0,0.0,3.7841897,4.029463,0.994,1.8746234,0,-0.10638474,,91.6
475,60,2013,0.0,0.0,598708.0,100.0,0.0,3.7841897,4.072265,1.026,1.9308244,1,-0.10691288,,79.8
476,60,2014,2.0,2.0,597920.0,100.0,0.0,3.7841897,4.0648313,1.046,1.9383864,1,-0.10971795,2,79.8
477,60,2015,2.0,2.0,593990.0,100.0,0.0,3.7841897,4.1615477,1.034,1.9512113,0,-0.108059004,2,79.8
478,60,2016,2.0,2.0,602662.0,100.0,0.0,3.7841897,4.1521544,1.04,1.9380682,0,-0.107609466,2,79.8
479,60,2017,4.0,4.0,602086.0,100.0,0.0,3.7841897,4.1766233,1.042,1.9465657,0,-0.10898855,4,-85.04
480,61,2010,1.0,1.0,763714.0,99.3354,0.6645989,1.0986123,4.284175,0.76,2.4917705,0,-0.1135055,1,91.6
481,61,2011,1.0,1.0,757353.0,99.3354,0.6645989,1.0986123,4.382433,0.762,2.5311842,0,-0.11803165,1,91.6
482,61,2012,0.0,0.0,757898.0,99.3354,0.6645989,1.0986123,4.422197,0.792,2.5755444,0,-0.114780545,,91.6
483,61,2013,0.0,0.0,758237.0,99.3354,0.6645989,1.0986123,4.4763045,0.816,2.5889003,1,-0.11315477,,79.8
484,61,2014,2.0,2.0,766782.0,99.3354,0.6645989,1.0986123,4.5072975,0.83,2.6004784,1,-0.11428264,2,79.8
485,61,2015,4.0,4.0,768417.0,99.3354,0.6645989,1.0986123,4.564262,0.828,2.6092603,0,-0.11087081,4,79.8
486,61,2016,5.0,5.0,779379.0,99.3354,0.6645989,1.0986123,4.5725417,0.848,2.5956564,0,-0.1019201,5,79.8
487,61,2017,4.0,4.0,786326.0,99.3354,0.6645989,1.0986123,4.5946198,0.846,2.5803547,0,-0.09805301,4,-85.04
488,62,2010,0.0,0.0,76699.0,12.5,87.5,7.501082,4.420698,1.162,1.5254437,0,-0.11536272,,91.6
489,62,2011,0.0,0.0,85062.0,12.5,87.5,7.501082,4.3846464,1.272,1.3754673,0,-0.118716806,,91.6
490,62,2012,0.0,0.0,86276.0,12.5,87.5,7.501082,4.4422865,1.246,1.3908851,0,-0.10352543,,91.6
491,62,2013,0.0,0.0,85428.0,12.5,87.5,7.501082,4.5048785,1.272,1.5217493,1,-0.102878004,,79.8
492,62,2014,1.0,1.0,86527.0,12.5,87.5,7.501082,4.516808,1.346,1.063252,1,-0.110890836,1,79.8
493,62,2015,0.0,0.0,86076.0,12.5,87.5,7.501082,4.5611196,1.378,1.0688229,0,-0.11812487,,79.8
494,62,2016,0.0,0.0,82193.0,12.5,87.5,7.501082,4.6525555,1.374,1.1193167,0,-0.11256346,,79.8
495,62,2017,0.0,0.0,82498.0,12.5,87.5,7.501082,4.691852,1.466,1.1151786,0,-0.119231224,,-85.04
496,63,2010,5.0,5.0,1663371.0,17.453814,60.255898,4.4188404,3.5822623,0.54,0.9504795,0,-0.076853596,5,91.6
497,63,2011,3.0,3.0,1716254.0,17.453814,60.255898,4.4188404,3.6393087,0.528,0.94042027,0,-0.0861543,3,91.6
498,63,2012,4.0,3.0,1762075.0,17.453814,60.255898,4.4188404,3.6479623,0.496,0.99598485,0,-0.08375029,4,91.6
499,63,2013,2.0,2.0,1801980.0,17.453814,60.255898,4.4188404,3.674466,0.454,1.0050056,1,-0.08405486,2,79.8
500,63,2014,7.0,7.0,1845667.0,17.453814,60.255898,4.4188404,3.686262,0.456,1.0018059,1,-0.08492141,7,79.8
501,63,2015,2.0,2.0,1892320.0,17.453814,60.255898,4.4188404,3.7574394,0.47,1.0051154,0,-0.08547125,2,79.8
502,63,2016,7.0,7.0,1940627.0,17.453814,60.255898,4.4188404,3.7610903,0.488,1.0074064,0,-0.086802185,7,79.8
503,63,2017,9.0,9.0,1985753.0,17.453814,60.255898,4.4188404,3.81263,0.514,1.0041531,0,-0.08449792,9,-85.04
504,64,2010,1.0,1.0,338019.0,100.0,0.0,0.0,4.2693286,2.18,1.573876,0,-0.077218354,1,91.6
505,64,2011,1.0,1.0,339731.0,100.0,0.0,0.0,4.4160595,2.184,1.5777189,0,-0.084235504,1,91.6
506,64,2012,1.0,1.0,342269.0,100.0,0.0,0.0,4.444972,2.21,1.5893931,0,-0.08014876,1,91.6
507,64,2013,5.0,5.0,346508.0,100.0,0.0,0.0,4.4827113,2.284,1.5786071,1,-0.07995497,5,79.8
508,64,2014,2.0,2.0,349459.0,100.0,0.0,0.0,4.5015244,2.232,1.5681381,1,-0.080160886,2,79.8
509,64,2015,2.0,2.0,353048.0,100.0,0.0,0.0,4.5054,2.254,1.5521969,0,-0.079916224,2,79.8
510,64,2016,1.0,1.0,358736.0,100.0,0.0,0.0,4.5456824,2.22,1.5415236,0,-0.077524066,1,79.8
511,64,2017,2.0,2.0,364971.0,100.0,0.0,0.0,4.6128798,2.166,1.5234087,0,-0.07370725,2,-85.04
512,65,2010,4.0,1.0,1035418.0,22.318968,77.20453,6.951772,3.4645302,0.172,1.2362157,0,-0.090113595,4,91.6
513,65,2011,3.0,3.0,1022532.0,22.318968,77.20453,6.951772,3.591211,0.2,1.2654861,0,-0.10095531,3,91.6
514,65,2012,2.0,2.0,1051975.0,22.318968,77.20453,6.951772,3.698391,0.214,1.2833004,0,-0.09862174,2,91.6
515,65,2013,1.0,1.0,1070113.0,22.318968,77.20453,6.951772,3.7255044,0.22,1.2652869,1,-0.09838072,1,79.8
516,65,2014,3.0,3.0,1085542.0,22.318968,77.20453,6.951772,3.7052822,0.242,1.2592788,1,-0.099044204,3,79.8
517,65,2015,0.0,0.0,1096397.0,22.318968,77.20453,6.951772,3.6999066,0.256,1.2468112,0,-0.09742439,,79.8
518,65,2016,4.0,4.0,1100190.0,22.318968,77.20453,6.951772,3.789553,0.266,1.2670538,0,-0.09569271,4,79.8
519,65,2017,2.0,2.0,1106891.0,22.318968,77.20453,6.951772,3.8136373,0.278,1.2720313,0,-0.092794016,2,-85.04
520,66,2010,0.0,0.0,476096.0,97.34388,1.3280612,0.0,4.003506,1.386,1.9869943,0,-0.10655758,,91.6
521,66,2011,1.0,1.0,465696.0,97.34388,1.3280612,0.0,4.1011133,1.37,2.0528414,0,-0.116007924,1,91.6
522,66,2012,2.0,2.0,453211.0,97.34388,1.3280612,0.0,4.092907,1.36,2.1204252,0,-0.119825825,2,91.6
523,66,2013,0.0,0.0,444211.0,97.34388,1.3280612,0.0,4.150526,1.382,2.172391,1,-0.11970933,,79.8
524,66,2014,2.0,2.0,432560.0,97.34388,1.3280612,0.0,4.1848283,1.424,2.2401516,1,-0.12523186,2,79.8
525,66,2015,0.0,0.0,419440.0,97.34388,1.3280612,0.0,4.2639766,1.456,2.310223,0,-0.12706292,,79.8
526,66,2016,1.0,1.0,421041.0,97.34388,1.3280612,0.0,4.2882795,1.478,2.318064,0,-0.12805606,1,79.8
527,66,2017,6.0,6.0,418650.0,97.34388,1.3280612,0.0,4.3052883,1.478,2.3456347,0,-0.1224964,6,-85.04
528,67,2010,1.0,1.0,619703.0,99.40778,0.0,0.0,4.061021,1.796,2.312398,0,-0.10379748,1,91.6
529,67,2011,6.0,6.0,612406.0,99.40778,0.0,0.0,4.225399,1.772,2.3628116,0,-0.10855523,6,91.6
530,67,2012,0.0,0.0,606527.0,99.40778,0.0,0.0,4.2266345,1.754,2.4137425,0,-0.106579274,,91.6
531,67,2013,3.0,3.0,601567.0,99.40778,0.0,0.0,4.3065844,1.722,2.4452803,1,-0.10720639,3,79.8
532,67,2014,5.0,5.0,598796.0,99.40778,0.0,0.0,4.3358145,1.668,2.4682863,1,-0.11056648,5,79.8
533,67,2015,1.0,1.0,595907.0,99.40778,0.0,0.0,4.3686843,1.666,2.4802527,0,-0.10951279,1,79.8
534,67,2016,4.0,3.0,597524.0,99.40778,0.0,0.0,4.412687,1.692,2.5053387,0,-0.10688239,4,79.8
535,67,2017,4.0,4.0,596892.0,99.40778,0.0,0.0,4.4924755,1.716,2.5146928,0,-0.10375255,4,-85.04
536,68,2010,1.0,1.0,377505.0,100.0,0.0,0.6931472,4.0842037,2.354,1.4966689,0,-0.08098957,1,91.6
537,68,2011,0.0,0.0,378823.0,100.0,0.0,0.6931472,4.172206,2.384,1.4967412,0,-0.090812534,,91.6
538,68,2012,3.0,3.0,379915.0,100.0,0.0,0.6931472,4.171347,2.346,1.5292895,0,-0.0881062,3,91.6
539,68,2013,2.0,2.0,382806.0,100.0,0.0,0.6931472,4.22324,2.358,1.51774,1,-0.08703795,2,79.8
540,68,2014,0.0,0.0,384252.0,100.0,0.0,0.6931472,4.3196316,2.206,1.519836,1,-0.08603737,,79.8
541,68,2015,4.0,4.0,386514.0,100.0,0.0,0.6931472,4.400545,2.076,1.5109414,0,-0.08931373,4,79.8
542,68,2016,1.0,1.0,396673.0,100.0,0.0,0.6931472,4.383645,2.016,1.5024971,0,-0.07932803,1,79.8
543,68,2017,2.0,2.0,402404.0,100.0,0.0,0.6931472,4.446467,2.022,1.4860687,0,-0.07758643,2,-85.04
544,69,2010,0.0,0.0,74412.0,94.37827,5.621731,0.6931472,4.010104,0.578,3.2118475,0,-0.16704431,,91.6
545,69,2011,0.0,0.0,76724.0,94.37827,5.621731,0.6931472,4.0345373,0.618,3.1411293,0,-0.18452865,,91.6
546,69,2012,0.0,0.0,75797.0,94.37827,5.621731,0.6931472,4.1610518,0.568,3.2191248,0,-0.17880629,,91.6
547,69,2013,0.0,0.0,75620.0,94.37827,5.621731,0.6931472,4.1987534,0.612,3.2398837,1,-0.17255689,,79.8
548,69,2014,0.0,0.0,80607.0,94.37827,5.621731,0.6931472,4.1505184,0.598,3.0890617,1,-0.17446996,,79.8
549,69,2015,0.0,0.0,78550.0,94.37827,5.621731,0.6931472,4.2496467,0.636,3.1699555,0,-0.16923553,,79.8
550,69,2016,1.0,1.0,90154.0,94.37827,5.621731,0.6931472,4.1758003,0.652,2.795217,0,-0.15545005,1,79.8
551,69,2017,0.0,0.0,80417.0,94.37827,5.621731,0.6931472,4.286869,0.654,3.1212306,0,-0.15681246,,-85.04
552,70,2010,2.0,2.0,232633.0,100.0,0.0,0.0,4.242366,1.494,2.1321137,0,-0.092114344,2,91.6
553,70,2011,1.0,1.0,234005.0,100.0,0.0,0.0,4.375859,1.6,2.1324332,0,-0.09457375,1,91.6
554,70,2012,0.0,0.0,235424.0,100.0,0.0,0.0,4.4883213,1.69,2.1110847,0,-0.088458374,,91.6
555,70,2013,0.0,0.0,237939.0,100.0,0.0,0.0,4.599569,1.784,2.0929735,1,-0.08424713,,79.8
556,70,2014,3.0,3.0,240362.0,100.0,0.0,0.0,4.6101985,1.866,2.063554,1,-0.08812329,3,79.8
557,70,2015,5.0,4.0,242196.0,100.0,0.0,0.0,4.668018,1.9,2.047928,0,-0.08683057,5,79.8
558,70,2016,2.0,2.0,245610.0,100.0,0.0,0.0,4.6483364,1.832,2.0438907,0,-0.0725698,2,79.8
559,70,2017,0.0,0.0,246672.0,100.0,0.0,0.0,4.734858,1.778,2.043199,0,-0.07787372,,-85.04
560,71,2010,0.0,0.0,276647.0,100.0,0.0,0.0,4.207788,1.82,1.2506913,0,-0.16138142,,91.6
561,71,2011,2.0,2.0,274992.0,100.0,0.0,0.0,4.372667,1.906,1.2727643,0,-0.16964658,2,91.6
562,71,2012,0.0,0.0,274727.0,100.0,0.0,0.0,4.3614044,1.978,1.284912,0,-0.17349824,,91.6
563,71,2013,1.0,1.0,274658.0,100.0,0.0,0.0,4.4126225,2.056,1.2852347,1,-0.17462158,1,79.8
564,71,2014,1.0,1.0,271092.0,100.0,0.0,0.0,4.4002967,2.084,1.3095186,1,-0.17896569,1,79.8
565,71,2015,4.0,4.0,270271.0,100.0,0.0,0.0,4.4523687,2.096,1.3134965,0,-0.17424926,4,79.8
566,71,2016,1.0,1.0,277984.0,100.0,0.0,0.0,4.445763,2.046,1.3022332,0,-0.17578927,1,79.8
567,71,2017,0.0,0.0,278749.0,100.0,0.0,0.0,4.632452,1.952,1.3058343,0,-0.1700803,,-85.04
568,72,2010,1.0,1.0,510200.0,2.225303,73.296364,6.4002576,3.7975702,0.226,1.1779695,0,-0.12829666,1,91.6
569,72,2011,0.0,0.0,524499.0,2.225303,73.296364,6.4002576,3.9004476,0.224,1.1515751,0,-0.13544339,,91.6
570,72,2012,1.0,1.0,534205.0,2.225303,73.296364,6.4002576,3.8856046,0.232,1.1587312,0,-0.13526523,1,91.6
571,72,2013,4.0,4.0,547581.0,2.225303,73.296364,6.4002576,3.8852813,0.256,1.170603,1,-0.13258313,4,79.8
572,72,2014,6.0,6.0,557593.0,2.225303,73.296364,6.4002576,3.8770971,0.286,1.1549643,1,-0.12890695,6,79.8
573,72,2015,0.0,0.0,566633.0,2.225303,73.296364,6.4002576,3.8726332,0.32,1.1365381,0,-0.128984,,79.8
574,72,2016,3.0,3.0,576899.0,2.225303,73.296364,6.4002576,3.9065552,0.356,1.1544482,0,-0.1263626,3,79.8
575,72,2017,1.0,1.0,585252.0,2.225303,73.296364,6.4002576,3.994557,0.364,1.16531,0,-0.122702405,1,-85.04
576,73,2010,0.0,0.0,430109.0,0.0,100.0,8.266935,3.6819735,0.146,1.0787963,0,-0.11431019,,91.6
577,73,2011,0.0,0.0,457997.0,0.0,100.0,8.266935,3.7518873,0.156,1.0327579,0,-0.13597125,,91.6
578,73,2012,0.0,0.0,466982.0,0.0,100.0,8.266935,3.8586059,0.162,1.0771294,0,-0.13015383,,91.6
579,73,2013,1.0,1.0,475255.0,0.0,100.0,8.266935,3.9254932,0.168,1.071004,1,-0.12926722,1,79.8
580,73,2014,1.0,1.0,488966.0,0.0,100.0,8.266935,3.9046876,0.17,1.0573332,1,-0.13448337,1,79.8
581,73,2015,0.0,0.0,490184.0,0.0,100.0,8.266935,3.9803026,0.18,1.054706,0,-0.13984856,,79.8
582,73,2016,0.0,0.0,483788.0,0.0,100.0,8.266935,4.0379734,0.192,1.076918,0,-0.13303077,,79.8
583,73,2017,0.0,0.0,503236.0,0.0,100.0,8.266935,4.0903926,0.19,1.0571581,0,-0.14330561,,-85.04
584,74,2010,0.0,0.0,187758.0,100.0,0.0,0.0,4.021459,1.5,3.9785256,0,-0.09318988,,91.6
585,74,2011,3.0,3.0,187291.0,100.0,0.0,0.0,4.1590323,1.47,4.084553,0,-0.0996546,3,91.6
586,74,2012,1.0,1.0,188436.0,100.0,0.0,0.0,4.2071657,1.538,4.112802,0,-0.098332524,1,91.6
587,74,2013,0.0,0.0,189139.0,100.0,0.0,0.0,4.2510943,1.532,4.150387,1,-0.098001525,,79.8
588,74,2014,0.0,0.0,189405.0,100.0,0.0,0.0,4.2670674,1.568,4.1815157,1,-0.09137505,,79.8
589,74,2015,0.0,0.0,190708.0,100.0,0.0,0.0,4.300877,1.49,4.152946,0,-0.09429538,,79.8
590,74,2016,1.0,1.0,192389.0,100.0,0.0,0.0,4.3261414,1.454,4.1426487,0,-0.09143011,1,79.8
591,74,2017,0.0,0.0,193577.0,100.0,0.0,0.0,4.354667,1.428,4.1327224,0,-0.089724705,,-85.04
592,75,2010,1.0,0.0,105454.0,16.666666,83.333336,4.0253515,3.9871113,0.422,2.512944,0,-0.09976504,1,91.6
593,75,2011,0.0,0.0,107455.0,16.666666,83.333336,4.0253515,4.0062213,0.42,2.4661486,0,-0.11539549,,91.6
594,75,2012,1.0,1.0,106643.0,16.666666,83.333336,4.0253515,4.091025,0.454,2.559943,0,-0.11155471,1,91.6
595,75,2013,0.0,0.0,102782.0,16.666666,83.333336,4.0253515,4.07247,0.524,2.6561072,1,-0.11021851,,79.8
596,75,2014,0.0,0.0,100809.0,16.666666,83.333336,4.0253515,4.060781,0.58,2.727931,1,-0.11655581,,79.8
597,75,2015,2.0,2.0,99265.0,16.666666,83.333336,4.0253515,4.2304683,0.598,2.760288,0,-0.11345126,2,79.8
598,75,2016,0.0,0.0,98335.0,16.666666,83.333336,4.0253515,4.263988,0.614,2.7965627,0,-0.11393987,,79.8
599,75,2017,0.0,0.0,97096.0,16.666666,83.333336,4.0253515,4.326352,0.614,2.8631458,0,-0.1133662,,-85.04
600,76,2010,1.0,1.0,184418.0,35.043762,61.60181,5.521461,3.8966506,1.196,1.1983646,0,-0.061945602,1,91.6
601,76,2011,2.0,2.0,188857.0,35.043762,61.60181,5.521461,3.951973,1.212,1.1701976,0,-0.06824656,2,91.6
602,76,2012,0.0,0.0,190409.0,35.043762,61.60181,5.521461,4.05852,1.17,1.2604446,0,-0.065254554,,91.6
603,76,2013,5.0,5.0,190424.0,35.043762,61.60181,5.521461,4.049507,1.128,1.2708482,1,-0.060740173,5,79.8
604,76,2014,1.0,1.0,192056.0,35.043762,61.60181,5.521461,4.034132,1.128,1.2652559,1,-0.05917731,1,79.8
605,76,2015,2.0,2.0,192435.0,35.043762,61.60181,5.521461,4.132383,1.096,1.29914,0,-0.056744352,2,79.8
606,76,2016,3.0,3.0,192785.0,35.043762,61.60181,5.521461,4.1370173,1.016,1.3071556,0,-0.052039236,3,79.8
607,76,2017,0.0,0.0,194775.0,35.043762,61.60181,5.521461,4.2690206,1.064,1.3194712,0,-0.04883343,,-85.04
608,77,2010,1.0,1.0,203741.0,66.666664,16.666666,0.0,4.4765053,1.94,0.7313206,0,-0.07465795,1,91.6
609,77,2011,1.0,1.0,206535.0,66.666664,16.666666,0.0,4.6544166,1.838,0.7262691,0,-0.07996845,1,91.6
610,77,2012,0.0,0.0,211799.0,66.666664,16.666666,0.0,4.6367564,1.868,0.73182595,0,-0.078909725,,91.6
611,77,2013,1.0,1.0,220122.0,66.666664,16.666666,0.0,4.68419,1.876,0.71324086,1,-0.07949245,1,79.8
612,77,2014,0.0,0.0,226514.0,66.666664,16.666666,0.0,4.754819,1.864,0.70635813,1,-0.08459899,,79.8
613,77,2015,2.0,2.0,233009.0,66.666664,16.666666,0.0,4.8092713,1.812,0.6952521,0,-0.07924342,2,79.8
614,77,2016,3.0,3.0,241665.0,66.666664,16.666666,0.0,4.8374834,1.814,0.6744874,0,-0.07669413,3,79.8
615,77,2017,1.0,0.0,251203.0,66.666664,16.666666,0.0,4.893187,1.72,0.6608201,0,-0.07830188,1,-85.04
616,78,2010,0.0,0.0,227610.0,100.0,0.0,0.0,4.1660843,1.388,3.9848864,0,-0.13443653,,91.6
617,78,2011,0.0,0.0,219728.0,100.0,0.0,0.0,4.387465,1.41,4.1642394,0,-0.13485442,,91.6
618,78,2012,0.0,0.0,225145.0,100.0,0.0,0.0,4.3457813,1.502,4.152879,0,-0.13478425,,91.6
619,78,2013,0.0,0.0,230251.0,100.0,0.0,0.0,4.421269,1.568,4.060786,1,-0.1293759,,79.8
620,78,2014,0.0,0.0,231333.0,100.0,0.0,0.0,4.4637666,1.614,4.0763745,1,-0.1318031,,79.8
621,78,2015,0.0,0.0,236978.0,100.0,0.0,0.0,4.483773,1.608,3.9792724,0,-0.123794764,,79.8
622,78,2016,1.0,1.0,242347.0,100.0,0.0,0.0,4.5092387,1.646,3.9282517,0,-0.121281326,1,79.8
623,78,2017,0.0,0.0,244453.0,100.0,0.0,0.0,4.590482,1.56,3.931226,0,-0.12124625,,-85.04
624,79,2010,1.0,1.0,123135.0,87.5,12.5,3.2580965,3.898895,0.804,1.6892029,0,-0.08298962,1,91.6
625,79,2011,0.0,0.0,124452.0,87.5,12.5,3.2580965,3.8308198,0.814,1.7195385,0,-0.08925384,,91.6
626,79,2012,0.0,0.0,124320.0,87.5,12.5,3.2580965,3.8954628,0.83,1.7133205,0,-0.09839518,,91.6
627,79,2013,0.0,0.0,128586.0,87.5,12.5,3.2580965,4.0551705,0.938,1.648702,1,-0.07603012,,79.8
628,79,2014,0.0,0.0,128781.0,87.5,12.5,3.2580965,4.031377,0.978,1.6539707,1,-0.07639222,,79.8
629,79,2015,0.0,0.0,130655.0,87.5,12.5,3.2580965,4.203353,1.028,1.6532089,0,-0.072014555,,79.8
630,79,2016,0.0,0.0,130825.0,87.5,12.5,3.2580965,4.196647,1.096,1.6587044,0,-0.069739476,,79.8
631,79,2017,3.0,3.0,136319.0,87.5,12.5,3.2580965,4.2454967,1.162,1.6285331,0,-0.065346405,3,-85.04
632,80,2010,1.0,1.0,479221.0,83.4564,16.543604,3.3322046,4.0015626,0.968,1.0934412,0,-0.08898866,1,91.6
633,80,2011,2.0,2.0,485357.0,83.4564,16.543604,3.3322046,4.098222,1.04,1.09404,0,-0.0950301,2,91.6
634,80,2012,3.0,2.0,492135.0,83.4564,16.543604,3.3322046,4.083189,1.126,1.1196115,0,-0.094242185,3,91.6
635,80,2013,2.0,2.0,498981.0,83.4564,16.543604,3.3322046,4.1345005,1.218,1.1282995,1,-0.09530677,2,79.8
636,80,2014,1.0,1.0,506807.0,83.4564,16.543604,3.3322046,4.175689,1.272,1.1167959,1,-0.09683357,1,79.8
637,80,2015,1.0,1.0,512873.0,83.4564,16.543604,3.3322046,4.201886,1.288,1.103587,0,-0.09128399,1,79.8
638,80,2016,2.0,2.0,522175.0,83.4564,16.543604,3.3322046,4.2499776,1.26,1.0973333,0,-0.08883408,2,79.8
639,80,2017,0.0,0.0,527724.0,83.4564,16.543604,3.3322046,4.3346334,1.302,1.0857948,0,-0.086496085,,-85.04
640,81,2010,2.0,1.0,338188.0,87.5,12.5,0.0,4.325378,1.224,1.957491,0,-0.09399238,2,91.6
641,81,2011,1.0,1.0,342146.0,87.5,12.5,0.0,4.4332576,1.304,1.9319237,0,-0.10293631,1,91.6
642,81,2012,0.0,0.0,346493.0,87.5,12.5,0.0,4.499838,1.348,1.9163446,0,-0.10210447,,91.6
643,81,2013,2.0,2.0,351509.0,87.5,12.5,0.0,4.5361238,1.454,1.8946884,1,-0.104739726,2,79.8
644,81,2014,2.0,2.0,355549.0,87.5,12.5,0.0,4.5922227,1.572,1.8815972,1,-0.10348846,2,79.8
645,81,2015,2.0,2.0,360388.0,87.5,12.5,0.0,4.6802187,1.73,1.8563327,0,-0.1027517,2,79.8
646,81,2016,3.0,3.0,370371.0,87.5,12.5,0.0,4.6549473,1.85,1.8332969,0,-0.095930785,3,79.8
647,81,2017,2.0,2.0,377610.0,87.5,12.5,0.0,4.6844153,1.822,1.8140409,0,-0.09414899,2,-85.04
