,prov_code,prov_name,year,all_wm_prov,knows_wm_prov,total_pop,ethnic_turkish,ethnic_kurdish,ln_casualty,ln_gdppc_cons,divorce_rate_ma5,mosques_perk,ceasefire,fm_diff_educ,count,pol_attitude
0,1,adana,2010,20,19,2085225,82.03772,13.370917,3.1780539,4.1877975,1.458,0.60664916,0,-0.06288165,19,-29.7
1,1,adana,2011,15,15,2108805,82.03772,13.370917,3.1780539,4.270533,1.532,0.5998658,0,-0.06818777,15,-29.7
2,1,adana,2012,9,9,2125635,82.03772,13.370917,3.1780539,4.310695,1.632,0.6407497,0,-0.06709957,9,-29.7
3,1,adana,2013,7,7,2149260,82.03772,13.370917,3.1780539,4.3507123,1.712,0.65185225,1,-0.06671113,7,-33.6
4,1,adana,2014,14,14,2165595,82.03772,13.370917,3.1780539,4.3790603,1.79,0.65432364,1,-0.0671466,14,-33.6
5,1,adana,2015,12,12,2183167,82.03772,13.370917,3.1780539,4.421428,1.824,0.6490571,0,-0.06585774,12,-33.6
6,1,adana,2016,11,10,2201670,82.03772,13.370917,3.1780539,4.455729,1.89,0.65086955,0,-0.06417319,10,-33.6
7,1,adana,2017,18,18,2216475,82.03772,13.370917,3.1780539,4.5086017,1.882,0.65238726,0,-0.06269407,18,107.26
8,2,adiyaman,2010,0,0,590935,28.144897,70.21079,3.7612002,3.7191708,0.744,1.1862557,0,-0.10079217,0,-98.6
9,2,adiyaman,2011,1,1,593931,28.144897,70.21079,3.7612002,3.8266168,0.74,1.190374,0,-0.106139034,1,-98.6
10,2,adiyaman,2012,1,1,595261,28.144897,70.21079,3.7612002,3.8406134,0.748,1.2263528,0,-0.10638426,1,-98.6
11,2,adiyaman,2013,2,2,597184,28.144897,70.21079,3.7612002,3.947309,0.762,1.2374746,1,-0.10291308,2,-113
12,2,adiyaman,2014,0,0,597835,28.144897,70.21079,3.7612002,4.0243244,0.814,1.2444905,1,-0.10177758,0,-113
13,2,adiyaman,2015,1,1,602774,28.144897,70.21079,3.7612002,4.050076,0.806,1.2342935,0,-0.1024912,1,-113
14,2,adiyaman,2016,0,0,610484,28.144897,70.21079,3.7612002,4.060205,0.854,1.2449138,0,-0.09956594,0,-113
15,2,adiyaman,2017,0,0,615076,28.144897,70.21079,3.7612002,4.0970206,0.872,1.250252,0,-0.094524905,0,-106.44
16,3,afyonkarahisar,2010,0,0,697559,98.167175,1.8328214,0,4.1500306,1.378,1.5625918,0,-0.101964876,0,-96.4
17,3,afyonkarahisar,2011,0,0,698626,98.167175,1.8328214,0,4.2237825,1.394,1.5759505,0,-0.11241506,0,-96.4
18,3,afyonkarahisar,2012,1,1,703948,98.167175,1.8328214,0,4.229459,1.414,1.5967089,0,-0.108885884,1,-96.4
19,3,afyonkarahisar,2013,2,1,707123,98.167175,1.8328214,0,4.2711825,1.418,1.6022673,1,-0.10815194,1,-98.8
20,3,afyonkarahisar,2014,2,2,706371,98.167175,1.8328214,0,4.32155,1.41,1.6237926,1,-0.10934779,2,-98.8
21,3,afyonkarahisar,2015,2,2,709015,98.167175,1.8328214,0,4.3708544,1.41,1.6177373,0,-0.10976529,2,-98.8
22,3,afyonkarahisar,2016,1,0,714523,98.167175,1.8328214,0,4.3971524,1.364,1.6388556,0,-0.10916367,0,-98.8
23,3,afyonkarahisar,2017,4,4,715693,98.167175,1.8328214,0,4.418556,1.348,1.6417654,0,-0.1054474,4,-85.92
24,4,agri,2010,1,1,542022,15.413678,84.106926,5.638355,3.4639869,0.212,1.5405278,0,-0.079818524,1,-79.2
25,4,agri,2011,0,0,555479,15.413678,84.106926,5.638355,3.468833,0.216,1.5176091,0,-0.09604575,0,-79.2
26,4,agri,2012,1,1,552404,15.413678,84.106926,5.638355,3.5463946,0.232,1.5767446,0,-0.087430306,1,-79.2
27,4,agri,2013,2,2,551177,15.413678,84.106926,5.638355,3.5650904,0.242,1.6020262,1,-0.086224,2,0
28,4,agri,2014,2,2,549435,15.413678,84.106926,5.638355,3.5584946,0.27,1.6289461,1,-0.08654669,2,0
29,4,agri,2015,0,0,547210,15.413678,84.106926,5.638355,3.6187139,0.304,1.6355696,0,-0.083903745,0,0
30,4,agri,2016,0,0,542255,15.413678,84.106926,5.638355,3.6891143,0.334,1.6689565,0,-0.08309839,0,0
31,4,agri,2017,3,3,536285,15.413678,84.106926,5.638355,3.721309,0.348,1.7117764,0,-0.08006203,3,-111.14
32,5,amasya,2010,1,0,334786,100,0,1.3862944,4.1869845,1.078,1.9803696,0,-0.11596309,0,-80.2
33,5,amasya,2011,2,2,323079,100,0,1.3862944,4.311354,1.08,2.0768914,0,-0.11575326,2,-80.2
34,5,amasya,2012,0,0,322283,100,0,1.3862944,4.3327756,1.126,2.1161525,0,-0.117475346,0,-80.2
35,5,amasya,2013,0,0,321977,100,0,1.3862944,4.377993,1.162,2.146116,1,-0.12280792,0,-87
36,5,amasya,2014,1,1,321913,100,0,1.3862944,4.358618,1.226,2.1465428,1,-0.12558481,1,-87
37,5,amasya,2015,0,0,322167,100,0,1.3862944,4.4561386,1.272,2.1448503,0,-0.1225819,0,-87
38,5,amasya,2016,1,1,326351,100,0,1.3862944,4.466351,1.312,2.080582,0,-0.12236178,1,-87
39,5,amasya,2017,1,1,329888,100,0,1.3862944,4.491895,1.33,2.064337,0,-0.12128848,1,-47.28
40,6,ankara,2010,20,19,4771716,98.271225,0.4321942,0,4.896542,1.96,0.5842762,0,-0.076327056,19,-77
41,6,ankara,2011,10,10,4890893,98.271225,0.4321942,0,4.969082,2.008,0.57596844,0,-0.07874817,10,-77
42,6,ankara,2012,16,16,4965542,98.271225,0.4321942,0,4.9594994,2.068,0.57899016,0,-0.07585204,16,-77
43,6,ankara,2013,9,9,5045083,98.271225,0.4321942,0,5.0097227,2.148,0.57719564,1,-0.07733157,9,-89.8
44,6,ankara,2014,14,14,5150072,98.271225,0.4321942,0,5.0105057,2.202,0.5737784,1,-0.0808157,14,-89.8
45,6,ankara,2015,18,18,5270575,98.271225,0.4321942,0,5.0431695,2.214,0.56805944,0,-0.07828298,18,-89.8
46,6,ankara,2016,14,14,5346518,98.271225,0.4321942,0,5.080376,2.198,0.5672851,0,-0.07454023,14,-89.8
47,6,ankara,2017,5,5,5445026,98.271225,0.4321942,0,5.114053,2.162,0.56326634,0,-0.07532671,5,101.86
48,7,antalya,2010,6,5,1978333,93.47289,5.405746,2.8903718,4.7319584,2.162,1.0412807,0,-0.05549422,5,81.6
49,7,antalya,2011,9,9,2043482,93.47289,5.405746,2.8903718,4.8088593,2.316,1.0261896,0,-0.059131503,9,81.6
50,7,antalya,2012,6,5,2092537,93.47289,5.405746,2.8903718,4.774946,2.464,1.0179031,0,-0.05914566,5,81.6
51,7,antalya,2013,10,10,2158265,93.47289,5.405746,2.8903718,4.790795,2.564,0.9929272,1,-0.05821404,10,-72.8
52,7,antalya,2014,8,8,2222562,93.47289,5.405746,2.8903718,4.7948537,2.674,0.97230136,1,-0.06170124,8,-72.8
53,7,antalya,2015,12,12,2288456,93.47289,5.405746,2.8903718,4.831799,2.726,0.9539183,0,-0.061507016,12,-72.8
54,7,antalya,2016,16,16,2328555,93.47289,5.405746,2.8903718,4.760686,2.734,0.9477981,0,-0.057923704,16,-72.8
55,7,antalya,2017,15,15,2364396,93.47289,5.405746,2.8903718,4.8125505,2.666,0.9486567,0,-0.05765137,15,101.24
56,8,artvin,2010,0,0,164759,48.17907,0,2.0794415,4.3886604,0.782,4.1393795,0,-0.1419249,0,87.4
57,8,artvin,2011,0,0,166394,48.17907,0,2.0794415,4.43504,0.824,4.0866857,0,-0.15380219,0,87.4
58,8,artvin,2012,0,0,167082,48.17907,0,2.0794415,4.473485,0.858,4.075843,0,-0.15248749,0,87.4
59,8,artvin,2013,0,0,169334,48.17907,0,2.0794415,4.492002,0.864,4.051165,1,-0.15086843,0,-92.6
60,8,artvin,2014,0,0,169674,48.17907,0,2.0794415,4.508514,0.918,4.066622,1,-0.1572333,0,-92.6
61,8,artvin,2015,0,0,168370,48.17907,0,2.0794415,4.56878,0.942,4.0981174,0,-0.15557691,0,-92.6
62,8,artvin,2016,1,1,168068,48.17907,0,2.0794415,4.5898128,0.92,4.141181,0,-0.1532042,1,-92.6
63,8,artvin,2017,0,0,166143,48.17907,0,2.0794415,4.658476,0.908,4.1951814,0,-0.14918613,0,101.92
64,9,aydin,2010,7,6,989862,68.024796,31.9752,1.0986123,4.1862707,1.87,1.1223787,0,-0.048866346,6,52
65,9,aydin,2011,3,2,999163,68.024796,31.9752,1.0986123,4.2780695,1.952,1.1089282,0,-0.05339119,2,52
66,9,aydin,2012,4,4,1006541,68.024796,31.9752,1.0986123,4.308888,2.028,1.1067606,0,-0.051643148,4,52
67,9,aydin,2013,5,5,1020957,68.024796,31.9752,1.0986123,4.3366685,2.086,1.0979894,1,-0.051712364,5,87.6
68,9,aydin,2014,5,5,1041979,68.024796,31.9752,1.0986123,4.359194,2.118,1.0787165,1,-0.05266419,5,87.6
69,9,aydin,2015,6,5,1053506,68.024796,31.9752,1.0986123,4.4017878,2.104,1.0669137,0,-0.053051263,5,87.6
70,9,aydin,2016,5,5,1068260,68.024796,31.9752,1.0986123,4.4294853,2.146,1.0662198,0,-0.052628607,5,87.6
71,9,aydin,2017,4,4,1080839,68.024796,31.9752,1.0986123,4.5008326,2.142,1.0547361,0,-0.054177284,4,107.88
72,10,balikesir,2010,1,0,1152323,98.26581,0.5780639,0,4.3937593,1.668,1.4214765,0,-0.08686149,0,-41.1
73,10,balikesir,2011,7,7,1154314,98.26581,0.5780639,0,4.4788666,1.704,1.4233562,0,-0.09200135,7,-41.1
74,10,balikesir,2012,3,3,1160731,98.26581,0.5780639,0,4.4797916,1.776,1.4249641,0,-0.08902086,3,-41.1
75,10,balikesir,2013,2,2,1162761,98.26581,0.5780639,0,4.48488,1.846,1.4310765,1,-0.09166533,2,-79.6
76,10,balikesir,2014,2,2,1189057,98.26581,0.5780639,0,4.507387,1.924,1.4036334,1,-0.09345198,2,-79.6
77,10,balikesir,2015,6,6,1186688,98.26581,0.5780639,0,4.5351443,1.964,1.4064354,0,-0.094206184,6,-79.6
78,10,balikesir,2016,6,6,1196176,98.26581,0.5780639,0,4.582847,1.99,1.3961157,0,-0.09074339,6,-79.6
79,10,balikesir,2017,8,7,1204824,98.26581,0.5780639,0,4.637985,1.978,1.3910745,0,-0.093445,7,-95.56
80,11,bilecik,2010,0,0,225381,89.76678,10.233222,0.6931472,4.601996,1.136,1.8147049,0,-0.14072019,0,-76.4
81,11,bilecik,2011,0,0,203849,89.76678,10.233222,0.6931472,4.8162203,1.254,2.0112927,0,-0.13687772,0,-76.4
82,11,bilecik,2012,0,0,204116,89.76678,10.233222,0.6931472,4.829627,1.342,1.9988633,0,-0.12834299,0,-76.4
83,11,bilecik,2013,0,0,208888,89.76678,10.233222,0.6931472,4.895732,1.424,1.9579871,1,-0.12758602,0,-79.4
84,11,bilecik,2014,1,1,209925,89.76678,10.233222,0.6931472,4.9004292,1.52,1.9816601,1,-0.12602544,1,-79.4
85,11,bilecik,2015,1,1,212361,89.76678,10.233222,0.6931472,4.912979,1.57,1.9589285,0,-0.12517491,1,-79.4
86,11,bilecik,2016,0,0,218297,89.76678,10.233222,0.6931472,4.906442,1.57,1.9148225,0,-0.11657402,0,-79.4
87,11,bilecik,2017,1,1,221693,89.76678,10.233222,0.6931472,4.930749,1.576,1.908044,0,-0.12777656,1,101.28
88,12,bingol,2010,0,0,255170,4.7396154,95.26038,7.5694118,3.695008,0.578,2.1162362,0,-0.12824184,0,-85.6
89,12,bingol,2011,0,0,262263,4.7396154,95.26038,7.5694118,3.7922325,0.586,2.1200094,0,-0.14088938,0,-85.6
90,12,bingol,2012,0,0,262507,4.7396154,95.26038,7.5694118,3.8739836,0.524,2.148514,0,-0.13798293,0,-85.6
91,12,bingol,2013,0,0,265514,4.7396154,95.26038,7.5694118,3.9264855,0.514,2.1241817,1,-0.13587645,0,-116.8
92,12,bingol,2014,0,0,266019,4.7396154,95.26038,7.5694118,3.967885,0.51,2.1727772,1,-0.13759011,0,-116.8
93,12,bingol,2015,1,1,267184,4.7396154,95.26038,7.5694118,4.033595,0.488,2.1633031,0,-0.13699976,1,-116.8
94,12,bingol,2016,0,0,269560,4.7396154,95.26038,7.5694118,4.0874996,0.458,2.21843,0,-0.13571772,0,-116.8
95,12,bingol,2017,0,0,273354,4.7396154,95.26038,7.5694118,4.1201005,0.476,2.209589,0,-0.12954003,0,-77.2
96,13,bitlis,2010,1,1,328767,11.959248,88.04076,6.8679743,3.56304,0.13,2.0713758,0,-0.124400266,1,-86.2
97,13,bitlis,2011,1,1,336624,11.959248,88.04076,6.8679743,3.692835,0.15,2.0586767,0,-0.14548372,1,-86.2
98,13,bitlis,2012,0,0,337253,11.959248,88.04076,6.8679743,3.7916708,0.16,1.9451272,0,-0.14170295,0,-86.2
99,13,bitlis,2013,0,0,337156,11.959248,88.04076,6.8679743,3.8991551,0.178,1.9961087,1,-0.14252478,0,0
100,13,bitlis,2014,0,0,338023,11.959248,88.04076,6.8679743,3.907593,0.2,2.047198,1,-0.1443205,0,0
101,13,bitlis,2015,0,0,340449,11.959248,88.04076,6.8679743,3.9226985,0.212,2.03261,0,-0.14461634,0,0
102,13,bitlis,2016,1,1,341225,11.959248,88.04076,6.8679743,3.9235806,0.218,2.0836692,0,-0.14596446,1,0
103,13,bitlis,2017,0,0,341474,11.959248,88.04076,6.8679743,3.9147038,0.244,2.0967922,0,-0.1404219,0,-87.62
104,14,bolu,2010,1,1,271208,96.83053,3.1694732,0,4.6458063,1.13,4.4762692,0,-0.11331919,1,-86.8
105,14,bolu,2011,1,1,276506,96.83053,3.1694732,0,4.7497406,1.196,4.394118,0,-0.1156988,1,-86.8
106,14,bolu,2012,1,1,281080,96.83053,3.1694732,0,4.7559986,1.226,4.383094,0,-0.11128782,1,-86.8
107,14,bolu,2013,0,0,283496,96.83053,3.1694732,0,4.8108892,1.328,4.352795,1,-0.114307076,0,-99.2
108,14,bolu,2014,1,1,284789,96.83053,3.1694732,0,4.8396287,1.426,4.3435664,1,-0.11750242,1,-99.2
109,14,bolu,2015,3,3,291095,96.83053,3.1694732,0,4.852601,1.452,4.2494717,0,-0.11432704,3,-99.2
110,14,bolu,2016,2,2,299896,96.83053,3.1694732,0,4.8276687,1.432,4.184784,0,-0.10614684,2,-99.2
111,14,bolu,2017,4,3,303184,96.83053,3.1694732,0,4.860384,1.418,4.1525936,0,-0.10691166,3,105.42
112,15,burdur,2010,0,0,258868,100,0,0,4.445373,1.48,1.966253,0,-0.09406157,0,-80
113,15,burdur,2011,1,1,250527,100,0,0,4.5386677,1.534,2.051675,0,-0.08801244,1,-80
114,15,burdur,2012,0,0,254341,100,0,0,4.519039,1.566,2.0523627,0,-0.08096811,0,-80
115,15,burdur,2013,2,2,257267,100,0,0,4.530688,1.618,2.0406814,1,-0.08215435,2,88.8
116,15,burdur,2014,2,2,256898,100,0,0,4.569504,1.642,2.0552905,1,-0.08802244,2,88.8
117,15,burdur,2015,0,0,258339,100,0,0,4.6101274,1.6,2.043826,0,-0.0892522,0,88.8
118,15,burdur,2016,1,1,261401,100,0,0,4.617891,1.634,2.0313618,0,-0.0908097,1,88.8
119,15,burdur,2017,2,2,264779,100,0,0,4.6216054,1.602,2.0129995,0,-0.098983794,2,106.28
120,16,bursa,2010,12,11,2605495,92.019,6.7922735,0.6931472,4.5811043,1.338,0.6240657,0,-0.08648828,11,-94.6
121,16,bursa,2011,5,4,2652126,92.019,6.7922735,0.6931472,4.7097282,1.404,0.62063414,0,-0.09179683,4,-94.6
122,16,bursa,2012,7,7,2688171,92.019,6.7922735,0.6931472,4.7278438,1.502,0.6175202,0,-0.090711355,7,-94.6
123,16,bursa,2013,4,4,2740970,92.019,6.7922735,0.6931472,4.782153,1.612,0.6125569,1,-0.09083238,4,-99.2
124,16,bursa,2014,8,8,2787539,92.019,6.7922735,0.6931472,4.809549,1.702,0.6059108,1,-0.092168,8,-99.2
125,16,bursa,2015,11,11,2842547,92.019,6.7922735,0.6931472,4.850818,1.784,0.5941854,0,-0.09177977,11,-99.2
126,16,bursa,2016,6,6,2901396,92.019,6.7922735,0.6931472,4.870123,1.826,0.59385204,0,-0.09052646,6,-99.2
127,16,bursa,2017,15,15,2936803,92.019,6.7922735,0.6931472,4.943346,1.844,0.58975697,0,-0.08850315,15,-99.24
128,17,canakkale,2010,3,3,490397,97.75796,2.2420437,0,4.5534596,1.338,1.6252139,0,-0.09021366,3,78.8
129,17,canakkale,2011,0,0,486445,97.75796,2.2420437,0,4.6661577,1.426,1.642529,0,-0.092130005,0,78.8
130,17,canakkale,2012,3,3,493691,97.75796,2.2420437,0,4.6547985,1.55,1.6366513,0,-0.082659855,3,78.8
131,17,canakkale,2013,0,0,502328,97.75796,2.2420437,0,4.6574225,1.618,1.6164737,1,-0.08492944,0,108.8
132,17,canakkale,2014,1,1,511790,97.75796,2.2420437,0,4.6914268,1.63,1.594404,1,-0.087540805,1,108.8
133,17,canakkale,2015,1,1,513341,97.75796,2.2420437,0,4.722859,1.664,1.5895866,0,-0.08691186,1,108.8
134,17,canakkale,2016,0,0,519793,97.75796,2.2420437,0,4.761159,1.708,1.5833226,0,-0.0821121,0,108.8
135,17,canakkale,2017,0,0,530417,97.75796,2.2420437,0,4.807074,1.732,1.5572653,0,-0.08586681,0,121.46
136,18,cankiri,2010,1,1,179067,100,0,0,4.18777,1.014,3.6410952,0,-0.12265676,1,-93.8
137,18,cankiri,2011,1,1,177211,100,0,0,4.3000455,1.03,3.7525887,0,-0.12599665,1,-93.8
138,18,cankiri,2012,1,1,184406,100,0,0,4.290793,1.07,3.882737,0,-0.13387217,1,-93.8
139,18,cankiri,2013,1,1,190909,100,0,0,4.3249393,1.09,3.7766685,1,-0.12763391,1,-108.6
140,18,cankiri,2014,0,0,183550,100,0,0,4.3845615,1.118,3.97167,1,-0.12964682,0,-108.6
141,18,cankiri,2015,0,0,180945,100,0,0,4.4470396,1.1,4.0288486,0,-0.12918659,0,-108.6
142,18,cankiri,2016,0,0,183880,100,0,0,4.4788566,1.104,4.0080485,0,-0.1240354,0,-108.6
143,18,cankiri,2017,0,0,186074,100,0,0,4.4665117,1.086,3.9769125,0,-0.12544575,0,-46.99
144,19,corum,2010,2,1,535405,100,0,0,4.138444,1.276,2.4149942,0,-0.092127874,1,-91.4
145,19,corum,2011,1,1,534578,100,0,0,4.2089925,1.324,2.4187303,0,-0.09886901,1,-91.4
146,19,corum,2012,2,2,529975,100,0,0,4.205148,1.386,2.4642673,0,-0.09943569,2,-91.4
147,19,corum,2013,3,3,532080,100,0,0,4.232025,1.394,2.463915,1,-0.09896383,3,-101.4
148,19,corum,2014,3,3,527220,100,0,0,4.2612724,1.458,2.4904215,1,-0.10101347,3,-101.4
149,19,corum,2015,3,3,525180,100,0,0,4.3170986,1.446,2.5000951,0,-0.09951115,3,-101.4
150,19,corum,2016,4,4,527863,100,0,0,4.344905,1.468,2.5006487,0,-0.09770043,4,-101.4
151,19,corum,2017,1,1,528422,100,0,0,4.3861046,1.436,2.5131428,0,-0.0950717,1,-86.56
152,20,denizli,2010,3,3,931823,96.826035,3.1739645,0,4.3815317,2.116,1.2588228,0,-0.056118608,3,-80
153,20,denizli,2011,6,6,942278,96.826035,3.1739645,0,4.514135,2.148,1.2533456,0,-0.0606509,6,-80
154,20,denizli,2012,0,0,950557,96.826035,3.1739645,0,4.5297813,2.194,1.2487415,0,-0.057073727,0,-80
155,20,denizli,2013,4,4,963464,96.826035,3.1739645,0,4.5824833,2.28,1.2351266,1,-0.05745265,4,-90.6
156,20,denizli,2014,3,3,978700,96.826035,3.1739645,0,4.6204276,2.336,1.2220292,1,-0.058599085,3,-90.6
157,20,denizli,2015,2,2,993442,96.826035,3.1739645,0,4.6312523,2.328,1.2038951,0,-0.060492426,2,-90.6
158,20,denizli,2016,3,2,1005687,96.826035,3.1739645,0,4.677052,2.32,1.1981859,0,-0.058745205,2,-90.6
159,20,denizli,2017,5,5,1018735,96.826035,3.1739645,0,4.741868,2.322,1.191674,0,-0.059099317,5,-101.12
160,21,diyarbakir,2010,7,7,1528958,13.518223,86.48177,7.5299435,3.7504244,0.354,1.1347598,0,-0.095155545,7,0
161,21,diyarbakir,2011,3,3,1570943,13.518223,86.48177,7.5299435,3.8511007,0.372,1.1209828,0,-0.105744764,3,0
162,21,diyarbakir,2012,7,7,1592167,13.518223,86.48177,7.5299435,3.8881574,0.392,1.2216055,0,-0.10279806,7,0
163,21,diyarbakir,2013,10,10,1607437,13.518223,86.48177,7.5299435,3.9431145,0.426,1.223065,1,-0.09982729,10,0
164,21,diyarbakir,2014,4,4,1635048,13.518223,86.48177,7.5299435,3.959482,0.45,1.2036344,1,-0.10052511,4,0
165,21,diyarbakir,2015,7,7,1654196,13.518223,86.48177,7.5299435,4.004107,0.464,1.2114646,0,-0.09839186,7,0
166,21,diyarbakir,2016,3,3,1673119,13.518223,86.48177,7.5299435,4.0304484,0.466,1.2019467,0,-0.09557715,3,0
167,21,diyarbakir,2017,5,5,1699901,13.518223,86.48177,7.5299435,4.0682225,0.47,1.1912458,0,-0.09479064,5,0
168,22,edirne,2010,2,2,390428,78.87033,0,0,4.438927,1.462,0.99890375,0,-0.059556708,2,114.2
169,22,edirne,2011,1,1,399316,78.87033,0,0,4.476826,1.526,0.9766701,0,-0.06701583,1,114.2
170,22,edirne,2012,0,0,399708,78.87033,0,0,4.502176,1.596,0.98071593,0,-0.061539054,0,114.2
171,22,edirne,2013,2,2,398582,78.87033,0,0,4.529111,1.612,0.9809776,1,-0.06211579,2,73.8
172,22,edirne,2014,3,3,400280,78.87033,0,0,4.5668097,1.622,0.99180573,1,-0.06655297,3,73.8
173,22,edirne,2015,2,2,402537,78.87033,0,0,4.5807457,1.628,0.98624474,0,-0.061444998,2,73.8
174,22,edirne,2016,2,2,401701,78.87033,0,0,4.6015344,1.65,1.0007443,0,-0.071741104,2,73.8
175,22,edirne,2017,2,2,406855,78.87033,0,0,4.617132,1.632,0.9905249,0,-0.06677821,2,89.74
176,23,elazig,2010,0,0,552646,52.16184,47.83816,5.3375382,4.0908766,1.08,1.69367,0,-0.13999462,0,-95.6
177,23,elazig,2011,4,4,558556,52.16184,47.83816,5.3375382,4.171932,1.076,1.6954433,0,-0.15038322,4,-95.6
178,23,elazig,2012,2,2,562703,52.16184,47.83816,5.3375382,4.2104135,1.054,1.7149366,0,-0.14963853,2,-95.6
179,23,elazig,2013,3,3,568239,52.16184,47.83816,5.3375382,4.238261,1.108,1.708788,1,-0.14652725,3,-111.6
180,23,elazig,2014,1,1,568753,52.16184,47.83816,5.3375382,4.248102,1.132,1.6984526,1,-0.14656226,1,-111.6
181,23,elazig,2015,1,1,574304,52.16184,47.83816,5.3375382,4.2946377,1.124,1.682036,0,-0.15082319,1,-111.6
182,23,elazig,2016,4,4,578789,52.16184,47.83816,5.3375382,4.320339,1.114,1.6949182,0,-0.14964724,4,-111.6
183,23,elazig,2017,2,2,583671,52.16184,47.83816,5.3375382,4.360137,1.1,1.6944478,0,-0.14547259,2,-80.76
184,24,erzincan,2010,1,1,224949,74.11515,25.884853,5.0238805,4.3327394,1.05,2.4672258,0,-0.13605244,1,-102.6
185,24,erzincan,2011,0,0,215277,74.11515,25.884853,5.0238805,4.509616,1.068,2.5873642,0,-0.13390444,0,-102.6
186,24,erzincan,2012,1,1,217886,74.11515,25.884853,5.0238805,4.5625615,1.076,2.593099,0,-0.12949583,1,-102.6
187,24,erzincan,2013,2,2,219996,74.11515,25.884853,5.0238805,4.567525,1.126,2.5955017,1,-0.13199343,2,-109.4
188,24,erzincan,2014,0,0,223633,74.11515,25.884853,5.0238805,4.5435896,1.168,2.5711768,1,-0.12808624,0,-109.4
189,24,erzincan,2015,1,1,222918,74.11515,25.884853,5.0238805,4.5461855,1.146,2.579424,0,-0.1291135,1,-109.4
190,24,erzincan,2016,1,1,226032,74.11515,25.884853,5.0238805,4.5718765,1.13,2.5483117,0,-0.121268034,1,-109.4
191,24,erzincan,2017,0,0,231511,74.11515,25.884853,5.0238805,4.625414,1.216,2.5139194,0,-0.13138482,0,-42.36
192,25,erzurum,2010,1,1,769085,89.91422,10.085778,4.727388,3.966271,0.438,1.9490694,0,-0.12461251,1,-113.6
193,25,erzurum,2011,0,0,780847,89.91422,10.085778,4.727388,4.03749,0.47,1.9389201,0,-0.13010335,0,-113.6
194,25,erzurum,2012,1,1,778195,89.91422,10.085778,4.727388,4.0680137,0.506,1.9879336,0,-0.13000569,1,-113.6
195,25,erzurum,2013,2,2,766729,89.91422,10.085778,4.727388,4.1279407,0.538,2.0359213,1,-0.12804809,2,-117.6
196,25,erzurum,2014,4,4,763320,89.91422,10.085778,4.727388,4.1578484,0.568,2.0594246,1,-0.14137927,4,-117.6
197,25,erzurum,2015,3,3,762321,89.91422,10.085778,4.727388,4.2106376,0.58,2.0621235,0,-0.13123101,3,-117.6
198,25,erzurum,2016,1,1,762021,89.91422,10.085778,4.727388,4.2625093,0.61,2.0891812,0,-0.12868217,1,-117.6
199,25,erzurum,2017,0,0,760476,89.91422,10.085778,4.727388,4.3137116,0.604,2.0960557,0,-0.12239158,0,-125.6
200,26,eskisehir,2010,7,6,764584,98.23836,1.7616397,0,4.552857,1.864,0.9940046,0,-0.117694914,6,51.5
201,26,eskisehir,2011,2,2,781247,98.23836,1.7616397,0,4.6595516,1.942,0.9740837,0,-0.123453766,2,51.5
202,26,eskisehir,2012,2,2,789750,98.23836,1.7616397,0,4.6924458,1.99,0.97372586,0,-0.12475601,2,51.5
203,26,eskisehir,2013,0,0,799724,98.23836,1.7616397,0,4.7658396,2.014,0.9690843,1,-0.12537271,0,90.6
204,26,eskisehir,2014,5,5,812320,98.23836,1.7616397,0,4.7719507,2.054,0.9565196,1,-0.12563664,5,90.6
205,26,eskisehir,2015,3,3,826716,98.23836,1.7616397,0,4.8085685,2.076,0.93986326,0,-0.123563915,3,90.6
206,26,eskisehir,2016,5,3,844842,98.23836,1.7616397,0,4.82583,2.066,0.92443323,0,-0.12332457,3,90.6
207,26,eskisehir,2017,1,0,860620,98.23836,1.7616397,0,4.867423,2.06,0.91097116,0,-0.12080121,0,104.6
208,27,gaziantep,2010,12,12,1700763,73.88096,25.568472,3.9318256,4.0198135,1.08,0.52917427,0,-0.07118794,12,-105
209,27,gaziantep,2011,12,12,1753596,73.88096,25.568472,3.9318256,4.1427894,1.112,0.5177932,0,-0.075817466,12,-105
210,27,gaziantep,2012,4,4,1799558,73.88096,25.568472,3.9318256,4.1694922,1.168,0.519572,0,-0.07405621,4,-105
211,27,gaziantep,2013,9,9,1844438,73.88096,25.568472,3.9318256,4.280359,1.234,0.51506203,1,-0.07170987,9,-109.4
212,27,gaziantep,2014,12,12,1889466,73.88096,25.568472,3.9318256,4.3397803,1.296,0.51337254,1,-0.07063846,12,-109.4
213,27,gaziantep,2015,13,12,1931836,73.88096,25.568472,3.9318256,4.416656,1.328,0.50211304,0,-0.0698681,12,-109.4
214,27,gaziantep,2016,15,15,1974244,73.88096,25.568472,3.9318256,4.4338007,1.332,0.5131078,0,-0.06444614,15,-109.4
215,27,gaziantep,2017,11,11,2005515,73.88096,25.568472,3.9318256,4.493878,1.292,0.51208794,0,-0.06282735,11,-107.94
216,28,giresun,2010,0,0,419256,100,0,2.0794415,4.0056815,1.092,3.3344781,0,-0.0928988,0,93
217,28,giresun,2011,2,2,419498,100,0,2.0794415,4.0695252,1.152,3.3969173,0,-0.098205835,2,93
218,28,giresun,2012,1,1,419555,100,0,2.0794415,4.1035695,1.178,3.5513818,0,-0.095987976,1,93
219,28,giresun,2013,0,0,425007,100,0,2.0794415,4.1096416,1.172,3.5834703,1,-0.09507607,0,92.6
220,28,giresun,2014,3,3,429984,100,0,2.0794415,4.118594,1.172,3.5908313,1,-0.0990147,3,92.6
221,28,giresun,2015,6,6,426686,100,0,2.0794415,4.316055,1.186,3.618586,0,-0.09825304,6,92.6
222,28,giresun,2016,1,1,444467,100,0,2.0794415,4.198023,1.2,3.5368204,0,-0.09385845,1,92.6
223,28,giresun,2017,2,2,437393,100,0,2.0794415,4.281758,1.196,3.612312,0,-0.09327191,2,-97.68
224,29,gumushane,2010,0,0,129618,100,0,2.9957323,4.1688194,0.698,3.9269238,0,-0.14733773,0,-41.8
225,29,gumushane,2011,0,0,132374,100,0,2.9957323,4.285647,0.708,3.8527203,0,-0.1534325,0,-41.8
226,29,gumushane,2012,0,0,135216,100,0,2.9957323,4.2877274,0.654,3.8530943,0,-0.14618811,0,-41.8
227,29,gumushane,2013,0,0,141412,100,0,2.9957323,4.3067126,0.654,3.7196279,1,-0.14571565,0,-115
228,29,gumushane,2014,1,1,146353,100,0,2.9957323,4.3114843,0.658,3.6418796,1,-0.14623448,1,-115
229,29,gumushane,2015,0,0,151449,100,0,2.9957323,4.3037305,0.644,3.5193365,0,-0.1403149,0,-115
230,29,gumushane,2016,0,0,172034,100,0,2.9957323,4.184597,0.6,3.1389143,0,-0.12060195,0,-115
231,29,gumushane,2017,0,0,170173,100,0,2.9957323,4.218202,0.616,3.2202523,0,-0.109143764,0,-98.32
232,30,hakkari,2010,1,1,251302,14.350801,85.6492,8.323852,3.694077,0.114,1.6633373,0,-0.14519253,1,0
233,30,hakkari,2011,1,1,272165,14.350801,85.6492,8.323852,3.698223,0.126,1.579924,0,-0.17335929,1,0
234,30,hakkari,2012,0,0,279982,14.350801,85.6492,8.323852,3.7870822,0.126,1.7786858,0,-0.16672972,0,0
235,30,hakkari,2013,0,0,273041,14.350801,85.6492,8.323852,3.8600848,0.128,1.8202394,1,-0.16634548,0,0
236,30,hakkari,2014,0,0,276287,14.350801,85.6492,8.323852,3.8687658,0.132,1.8205706,1,-0.16954392,0,0
237,30,hakkari,2015,0,0,278775,14.350801,85.6492,8.323852,3.8974793,0.126,1.8043225,0,-0.1788203,0,0
238,30,hakkari,2016,3,3,267813,14.350801,85.6492,8.323852,4.009831,0.132,1.7810935,0,-0.16362609,3,0
239,30,hakkari,2017,0,0,275761,14.350801,85.6492,8.323852,4.0368657,0.14,1.744264,0,-0.16714136,0,0
240,31,hatay,2010,2,2,1480571,44.230022,1.4021523,4.1108737,4.0366592,1.15,0.6348902,0,-0.07042895,2,-101.8
241,31,hatay,2011,1,1,1474223,44.230022,1.4021523,4.1108737,4.1797175,1.19,0.6450856,0,-0.069297835,1,-101.8
242,31,hatay,2012,2,2,1483674,44.230022,1.4021523,4.1108737,4.1638083,1.238,0.6618705,0,-0.067791685,2,-101.8
243,31,hatay,2013,2,2,1503066,44.230022,1.4021523,4.1108737,4.2050147,1.296,0.6659721,1,-0.07006943,2,82.4
244,31,hatay,2014,9,9,1519836,44.230022,1.4021523,4.1108737,4.2285075,1.334,0.67638874,1,-0.06927054,9,82.4
245,31,hatay,2015,5,5,1533507,44.230022,1.4021523,4.1108737,4.2884345,1.372,0.67035884,0,-0.065653756,5,82.4
246,31,hatay,2016,0,0,1555165,44.230022,1.4021523,4.1108737,4.332336,1.388,0.68031365,0,-0.06668307,0,82.4
247,31,hatay,2017,6,6,1575226,44.230022,1.4021523,4.1108737,4.4176645,1.404,0.6811721,0,-0.062403575,6,110.32
248,32,isparta,2010,0,0,448298,96.436104,0,0,4.259366,1.26,1.5503081,0,-0.112201944,0,-38.7
249,32,isparta,2011,1,1,411245,96.436104,0,0,4.461946,1.226,1.6997167,0,-0.10404074,1,-38.7
250,32,isparta,2012,0,0,416663,96.436104,0,0,4.4241343,1.286,1.706415,0,-0.10039747,0,-38.7
251,32,isparta,2013,1,1,417774,96.436104,0,0,4.4291835,1.36,1.7114516,1,-0.102053225,1,-44.5
252,32,isparta,2014,0,0,418780,96.436104,0,0,4.4606776,1.44,1.7264435,1,-0.10852581,0,-44.5
253,32,isparta,2015,0,0,421766,96.436104,0,0,4.467695,1.504,1.7142206,0,-0.10672572,0,-44.5
254,32,isparta,2016,2,2,427324,96.436104,0,0,4.5439067,1.554,1.7153261,0,-0.10186046,2,-44.5
255,32,isparta,2017,1,1,433830,96.436104,0,0,4.55879,1.534,1.6988221,0,-0.10138446,1,-76.08
256,33,mersin,2010,10,9,1647899,83.73286,14.965773,1.9459101,4.2847815,1.644,0.86959213,0,-0.06238386,9,62
257,33,mersin,2011,10,9,1667939,83.73286,14.965773,1.9459101,4.3697577,1.688,0.86753774,0,-0.06724237,9,62
258,33,mersin,2012,3,3,1682848,83.73286,14.965773,1.9459101,4.4064612,1.786,0.8830269,0,-0.06618868,3,62
259,33,mersin,2013,5,5,1705774,83.73286,14.965773,1.9459101,4.4242086,1.856,0.87877995,1,-0.06602843,5,-32
260,33,mersin,2014,9,9,1727255,83.73286,14.965773,1.9459101,4.467095,1.914,0.88348275,1,-0.06672171,9,-32
261,33,mersin,2015,10,9,1745221,83.73286,14.965773,1.9459101,4.5271597,1.962,0.8743878,0,-0.06584355,9,-32
262,33,mersin,2016,8,8,1773852,83.73286,14.965773,1.9459101,4.5583253,2.012,0.86929464,0,-0.06446496,8,-32
263,33,mersin,2017,5,5,1793931,83.73286,14.965773,1.9459101,4.6051116,2.02,0.86736894,0,-0.06379816,5,90.18
264,34,istanbul,2010,37,36,13255685,87.65423,10.784004,2.9957323,4.986245,1.726,0.23288122,0,-0.046082497,36,-88.4
265,34,istanbul,2011,27,24,13624240,87.65423,10.784004,2.9957323,5.0965643,1.756,0.22848982,0,-0.048843563,24,-88.4
266,34,istanbul,2012,31,30,13854740,87.65423,10.784004,2.9957323,5.122495,1.804,0.23024611,0,-0.04801953,30,-88.4
267,34,istanbul,2013,28,26,14160467,87.65423,10.784004,2.9957323,5.1708393,1.868,0.22760549,1,-0.046464473,26,-95.8
268,34,istanbul,2014,46,42,14377018,87.65423,10.784004,2.9957323,5.1870613,1.926,0.22737677,1,-0.04894334,42,-95.8
269,34,istanbul,2015,34,31,14657434,87.65423,10.784004,2.9957323,5.246823,1.95,0.22630155,0,-0.047354907,31,-95.8
270,34,istanbul,2016,27,26,14804116,87.65423,10.784004,2.9957323,5.2765107,1.954,0.2266937,0,-0.04415655,26,-95.8
271,34,istanbul,2017,37,37,15029231,87.65423,10.784004,2.9957323,5.339387,1.936,0.22642542,0,-0.043720037,37,97.6
272,35,izmir,2010,15,13,3948848,93.250244,5.1960487,1.609438,4.6284914,2.468,0.44747227,0,-0.049854547,13,110.4
273,35,izmir,2011,20,20,3965232,93.250244,5.1960487,1.609438,4.7580657,2.554,0.44940624,0,-0.053272635,20,110.4
274,35,izmir,2012,15,15,4005459,93.250244,5.1960487,1.609438,4.7837796,2.638,0.45512885,0,-0.051101744,15,110.4
275,35,izmir,2013,16,15,4061074,93.250244,5.1960487,1.609438,4.8309145,2.724,0.45406708,1,-0.049664557,15,99.2
276,35,izmir,2014,14,13,4113072,93.250244,5.1960487,1.609438,4.851921,2.754,0.45318925,1,-0.051433384,13,99.2
277,35,izmir,2015,19,18,4168415,93.250244,5.1960487,1.609438,4.8763027,2.75,0.44717237,0,-0.051036984,18,99.2
278,35,izmir,2016,19,18,4223545,93.250244,5.1960487,1.609438,4.901576,2.742,0.44630754,0,-0.047436655,18,99.2
279,35,izmir,2017,23,22,4279677,93.250244,5.1960487,1.609438,4.972736,2.704,0.44279042,0,-0.047745496,22,116.2
280,36,kars,2010,1,1,301766,33.109703,65.159454,5.5412636,3.7948122,0.46,1.6171471,0,-0.07830125,1,-65.4
281,36,kars,2011,2,2,305755,33.109703,65.159454,5.5412636,3.8606033,0.444,1.5993197,0,-0.08687709,2,-65.4
282,36,kars,2012,1,1,304821,33.109703,65.159454,5.5412636,3.916722,0.462,1.6501487,0,-0.080963954,1,-65.4
283,36,kars,2013,0,0,300874,33.109703,65.159454,5.5412636,3.9023468,0.458,1.6717962,1,-0.078230575,0,-28.4
284,36,kars,2014,1,1,296466,33.109703,65.159454,5.5412636,3.9463208,0.478,1.7000263,1,-0.08221136,1,-28.4
285,36,kars,2015,3,3,292660,33.109703,65.159454,5.5412636,4.0801373,0.484,1.722135,0,-0.08326778,3,-28.4
286,36,kars,2016,0,0,289786,33.109703,65.159454,5.5412636,4.1007047,0.474,1.7564685,0,-0.08319551,0,-28.4
287,36,kars,2017,1,1,287654,33.109703,65.159454,5.5412636,4.1850333,0.462,1.7868689,0,-0.08168711,1,0
288,37,kastamonu,2010,2,2,361222,100,0,0,4.2515025,0.99,7.0482974,0,-0.113774836,2,-49.3
289,37,kastamonu,2011,1,1,359759,100,0,0,4.3644905,1.044,7.0797396,0,-0.12289959,1,-49.3
290,37,kastamonu,2012,2,2,359808,100,0,0,4.3742867,1.124,7.1621532,0,-0.11944857,2,-49.3
291,37,kastamonu,2013,1,1,368093,100,0,0,4.3702903,1.21,7.038982,1,-0.12846126,1,-91.4
292,37,kastamonu,2014,1,1,368907,100,0,0,4.4090166,1.222,7.0505576,1,-0.12947428,1,-91.4
293,37,kastamonu,2015,1,1,372633,100,0,0,4.4377966,1.194,7.0042105,0,-0.11457083,1,-91.4
294,37,kastamonu,2016,1,1,376945,100,0,0,4.458226,1.152,6.953269,0,-0.11499326,1,-91.4
295,37,kastamonu,2017,3,3,372373,100,0,0,4.516925,1.08,7.0037303,0,-0.11128296,3,-49.55
296,38,kayseri,2010,4,4,1234651,97.985466,1.5108991,2.0794415,4.3289356,1.482,1.0156716,0,-0.09737393,4,-121
297,38,kayseri,2011,5,5,1255349,97.985466,1.5108991,2.0794415,4.460185,1.532,1.0124675,0,-0.10133074,5,-121
298,38,kayseri,2012,5,5,1274968,97.985466,1.5108991,2.0794415,4.484106,1.568,1.0110058,0,-0.09962909,5,-121
299,38,kayseri,2013,2,2,1295355,97.985466,1.5108991,2.0794415,4.5427604,1.644,1.0020419,1,-0.0974513,2,-118
300,38,kayseri,2014,5,5,1322376,97.985466,1.5108991,2.0794415,4.549368,1.702,0.99366593,1,-0.09648046,5,-118
301,38,kayseri,2015,1,1,1341056,97.985466,1.5108991,2.0794415,4.58063,1.776,0.97982484,0,-0.095449686,1,-118
302,38,kayseri,2016,5,5,1358980,97.985466,1.5108991,2.0794415,4.607557,1.826,0.9875053,0,-0.09180018,5,-118
303,38,kayseri,2017,7,7,1376722,97.985466,1.5108991,2.0794415,4.6627674,1.91,0.9885801,0,-0.08840719,7,-126.78
304,39,kirklareli,2010,0,0,332791,97.83387,2.1661334,0,4.6138206,1.456,0.838364,0,-0.07674372,0,99.8
305,39,kirklareli,2011,1,1,340199,97.83387,2.1661334,0,4.674813,1.536,0.82598716,0,-0.08374122,1,99.8
306,39,kirklareli,2012,1,1,341218,97.83387,2.1661334,0,4.705574,1.586,0.8440352,0,-0.080507606,1,99.8
307,39,kirklareli,2013,0,0,340559,97.83387,2.1661334,0,4.7325473,1.622,0.8574138,1,-0.08499092,0,76
308,39,kirklareli,2014,0,0,343723,97.83387,2.1661334,0,4.741452,1.652,0.85824925,1,-0.08402157,0,76
309,39,kirklareli,2015,3,3,346973,97.83387,2.1661334,0,4.75844,1.726,0.8530923,0,-0.080669194,3,76
310,39,kirklareli,2016,1,1,351684,97.83387,2.1661334,0,4.7741847,1.75,0.8473516,0,-0.075142026,1,76
311,39,kirklareli,2017,0,0,356050,97.83387,2.1661334,0,4.819491,1.768,0.8397697,0,-0.08157769,0,-37.48
312,40,kirsehir,2010,0,0,221876,100,0,0,4.191758,1.97,2.1543565,0,-0.11007245,0,-74.6
313,40,kirsehir,2011,2,2,221015,100,0,0,4.2947774,1.922,2.176323,0,-0.119208276,2,-74.6
314,40,kirsehir,2012,0,0,221209,100,0,0,4.268907,1.886,2.1924968,0,-0.12171771,0,-74.6
315,40,kirsehir,2013,1,1,223498,100,0,0,4.2790422,1.928,2.1700418,1,-0.12250973,1,-84.4
316,40,kirsehir,2014,1,1,222707,100,0,0,4.2893653,1.876,2.2002003,1,-0.12569246,1,-84.4
317,40,kirsehir,2015,1,1,225562,100,0,0,4.334091,1.862,2.1723518,0,-0.122924864,1,-84.4
318,40,kirsehir,2016,0,0,229975,100,0,0,4.3859234,1.856,2.152408,0,-0.12855989,0,-84.4
319,40,kirsehir,2017,0,0,234529,100,0,0,4.475439,1.808,2.1191409,0,-0.12816462,0,89.58
320,41,kocaeli,2010,4,4,1560138,95.4914,3.6995463,0.6931472,4.8987656,1.388,0.70442486,0,-0.10474275,4,-94.4
321,41,kocaeli,2011,4,3,1601720,95.4914,3.6995463,0.6931472,5.06984,1.446,0.68988335,0,-0.11161953,3,-94.4
322,41,kocaeli,2012,4,3,1634691,95.4914,3.6995463,0.6931472,5.080679,1.53,0.698603,0,-0.108835936,3,-94.4
323,41,kocaeli,2013,8,8,1676202,95.4914,3.6995463,0.6931472,5.1617513,1.594,0.68965435,1,-0.108412385,8,-101.2
324,41,kocaeli,2014,7,7,1722795,95.4914,3.6995463,0.6931472,5.1781464,1.646,0.68319213,1,-0.10751453,7,-101.2
325,41,kocaeli,2015,11,11,1780055,95.4914,3.6995463,0.6931472,5.220606,1.652,0.66121554,0,-0.10554823,11,-101.2
326,41,kocaeli,2016,10,10,1830772,95.4914,3.6995463,0.6931472,5.236729,1.652,0.6527301,0,-0.10142526,10,-101.2
327,41,kocaeli,2017,8,8,1883270,95.4914,3.6995463,0.6931472,5.3269887,1.664,0.63984454,0,-0.09955317,8,-111.14
328,42,konya,2010,6,6,2013845,94.70968,5.032991,0,4.1748667,1.45,1.5021017,0,-0.10288535,6,-136
329,42,konya,2011,7,6,2038555,94.70968,5.032991,0,4.3085546,1.494,1.4941957,0,-0.105235815,6,-136
330,42,konya,2012,5,5,2052281,94.70968,5.032991,0,4.3156376,1.544,1.50418,0,-0.10298675,5,-136
331,42,konya,2013,8,8,2079225,94.70968,5.032991,0,4.4003887,1.636,1.4899782,1,-0.102677464,8,-128.6
332,42,konya,2014,10,10,2108808,94.70968,5.032991,0,4.4550886,1.708,1.4771378,1,-0.101126835,10,-128.6
333,42,konya,2015,5,5,2130544,94.70968,5.032991,0,4.5075774,1.72,1.4709858,0,-0.09994629,5,-128.6
334,42,konya,2016,10,9,2161303,94.70968,5.032991,0,4.5246987,1.722,1.4625436,0,-0.097467184,9,-128.6
335,42,konya,2017,10,10,2180149,94.70968,5.032991,0,4.5840034,1.7,1.4599919,0,-0.09433521,10,-141.06
336,43,kutahya,2010,3,3,590496,100,0,0,4.208087,1.2,1.9932396,0,-0.15099885,3,-124
337,43,kutahya,2011,1,1,564264,100,0,0,4.345662,1.266,2.0983086,0,-0.14436466,1,-124
338,43,kutahya,2012,0,0,573421,100,0,0,4.3293304,1.372,2.075264,0,-0.14155006,0,-124
339,43,kutahya,2013,1,1,572059,100,0,0,4.3748155,1.486,2.1029298,1,-0.14735967,1,-97.8
340,43,kutahya,2014,2,2,571554,100,0,0,4.4046183,1.528,2.1100368,1,-0.14373343,2,-97.8
341,43,kutahya,2015,2,2,571463,100,0,0,4.4447193,1.534,2.1103728,0,-0.14386019,2,-97.8
342,43,kutahya,2016,2,2,573642,100,0,0,4.46659,1.532,2.1232755,0,-0.14451136,2,-97.8
343,43,kutahya,2017,1,1,572256,100,0,0,4.5220056,1.492,2.138903,0,-0.14418888,1,-38.68
344,44,malatya,2010,5,4,740643,62.074455,37.925545,4.204693,3.9656427,0.958,1.235413,0,-0.102835625,4,-106.2
345,44,malatya,2011,2,2,757930,62.074455,37.925545,4.204693,4.0777946,1.004,1.2138324,0,-0.10892251,2,-106.2
346,44,malatya,2012,1,1,762366,62.074455,37.925545,4.204693,4.09874,1.03,1.2251333,0,-0.106465414,1,-106.2
347,44,malatya,2013,3,3,762538,62.074455,37.925545,4.204693,4.1313863,1.048,1.2235456,1,-0.104867265,3,-123.6
348,44,malatya,2014,2,2,769544,62.074455,37.925545,4.204693,4.135721,1.086,1.2215027,1,-0.10586667,2,-123.6
349,44,malatya,2015,4,4,772904,62.074455,37.925545,4.204693,4.2321362,1.12,1.2161925,0,-0.10464284,4,-123.6
350,44,malatya,2016,2,2,781305,62.074455,37.925545,4.204693,4.2475476,1.13,1.2312733,0,-0.102001995,2,-123.6
351,44,malatya,2017,0,0,786676,62.074455,37.925545,4.204693,4.28401,1.194,1.2304939,0,-0.09954375,0,-136.94
352,45,manisa,2010,2,2,1379484,93.19545,5.44364,0,4.318248,1.424,1.1903001,0,-0.07939531,2,-38.7
353,45,manisa,2011,2,2,1340074,93.19545,5.44364,0,4.4384155,1.494,1.2327677,0,-0.07245448,2,-38.7
354,45,manisa,2012,2,2,1346162,93.19545,5.44364,0,4.558568,1.552,1.2524495,0,-0.070346564,2,-38.7
355,45,manisa,2013,2,2,1359463,93.19545,5.44364,0,4.566087,1.622,1.248287,1,-0.07199071,2,-40.1
356,45,manisa,2014,3,3,1367905,93.19545,5.44364,0,4.6059213,1.68,1.2486247,1,-0.07288587,3,-40.1
357,45,manisa,2015,8,8,1380366,93.19545,5.44364,0,4.652464,1.696,1.237353,0,-0.07192984,8,-40.1
358,45,manisa,2016,5,4,1396945,93.19545,5.44364,0,4.681948,1.748,1.2341216,0,-0.07140918,4,-40.1
359,45,manisa,2017,9,9,1413041,93.19545,5.44364,0,4.7319493,1.768,1.2250175,0,-0.07280883,9,-52.77
360,46,kahramanmaras,2010,2,1,1044816,95.26892,4.7310824,5.159055,4.021479,1.204,1.2049968,0,-0.094334856,1,-130.6
361,46,kahramanmaras,2011,6,5,1054210,95.26892,4.7310824,5.159055,4.0945826,1.252,1.2046936,0,-0.10169202,5,-130.6
362,46,kahramanmaras,2012,2,2,1063174,95.26892,4.7310824,5.159055,4.102463,1.294,1.2236943,0,-0.10004158,2,-130.6
363,46,kahramanmaras,2013,0,0,1075706,95.26892,4.7310824,5.159055,4.154016,1.342,1.207579,1,-0.098396435,0,-117.6
364,46,kahramanmaras,2014,2,2,1089038,95.26892,4.7310824,5.159055,4.170149,1.356,1.1983052,1,-0.099629536,2,-117.6
365,46,kahramanmaras,2015,5,3,1096610,95.26892,4.7310824,5.159055,4.2310643,1.356,1.190031,0,-0.09937684,3,-117.6
366,46,kahramanmaras,2016,1,1,1112634,95.26892,4.7310824,5.159055,4.2413235,1.34,1.1890702,0,-0.100088954,1,-117.6
367,46,kahramanmaras,2017,1,1,1127623,95.26892,4.7310824,5.159055,4.299322,1.328,1.1785854,0,-0.09572914,1,-135.2
368,47,mardin,2010,0,0,744606,5.6485295,74.41578,6.916715,3.7599597,0.278,1.3322482,0,-0.106708325,0,-90
369,47,mardin,2011,1,1,764033,5.6485295,74.41578,6.916715,3.8418536,0.3,1.3284767,0,-0.117427886,1,-90
370,47,mardin,2012,2,2,773026,5.6485295,74.41578,6.916715,3.914484,0.316,1.3958133,0,-0.115302496,2,-90
371,47,mardin,2013,4,1,779738,5.6485295,74.41578,6.916715,3.9714856,0.354,1.4081653,1,-0.11445807,1,-104.4
372,47,mardin,2014,0,0,788996,5.6485295,74.41578,6.916715,3.9993203,0.372,1.4131885,1,-0.11611108,0,-104.4
373,47,mardin,2015,1,1,796591,5.6485295,74.41578,6.916715,4.0693417,0.392,1.4172894,0,-0.11661576,1,-104.4
374,47,mardin,2016,2,2,796237,5.6485295,74.41578,6.916715,4.0894184,0.394,1.4304786,0,-0.11556141,2,-104.4
375,47,mardin,2017,0,0,809719,5.6485295,74.41578,6.916715,4.147083,0.394,1.4276558,0,-0.11183494,0,0
376,48,mugla,2010,9,9,817503,96.95551,3.044484,0,4.5770826,2.1,1.2978545,0,-0.046528593,9,92
377,48,mugla,2011,2,2,838324,96.95551,3.044484,0,4.668637,2.19,1.269199,0,-0.050266445,2,92
378,48,mugla,2012,2,2,851145,96.95551,3.044484,0,4.6713595,2.262,1.2712288,0,-0.048814476,2,92
379,48,mugla,2013,4,4,866665,96.95551,3.044484,0,4.690169,2.384,1.2334639,1,-0.04919654,4,98.2
380,48,mugla,2014,6,6,894509,96.95551,3.044484,0,4.7009473,2.47,1.2096021,1,-0.049729824,6,98.2
381,48,mugla,2015,8,8,908877,96.95551,3.044484,0,4.741155,2.5,1.1904801,0,-0.050123364,8,98.2
382,48,mugla,2016,7,7,923773,96.95551,3.044484,0,4.7335443,2.508,1.1777785,0,-0.046581686,7,98.2
383,48,mugla,2017,4,4,938751,96.95551,3.044484,0,4.787191,2.532,1.1621826,0,-0.048058063,4,72.02
384,49,mus,2010,0,0,406886,12.41307,87.58693,5.710427,3.7037385,0.18,1.3394415,0,-0.09599559,0,-101
385,49,mus,2011,0,0,414706,12.41307,87.58693,5.710427,3.801246,0.176,1.3479428,0,-0.110323295,0,-101
386,49,mus,2012,0,0,413260,12.41307,87.58693,5.710427,3.8778276,0.18,1.4567101,0,-0.110103026,0,-101
387,49,mus,2013,0,0,412553,12.41307,87.58693,5.710427,3.8999684,0.196,1.47375,1,-0.11149418,0,-97
388,49,mus,2014,1,1,411216,12.41307,87.58693,5.710427,3.8826766,0.212,1.4299054,1,-0.109665394,1,-97
389,49,mus,2015,0,0,408728,12.41307,87.58693,5.710427,3.9136527,0.218,1.4386095,0,-0.10923253,0,-97
390,49,mus,2016,0,0,406501,12.41307,87.58693,5.710427,3.9346924,0.234,1.4735512,0,-0.1110353,0,-97
391,49,mus,2017,4,4,404544,12.41307,87.58693,5.710427,3.9550626,0.248,1.4979829,0,-0.109394014,4,-69.52
392,50,nevsehir,2010,0,0,282337,98.46334,1.536656,0,4.2056675,1.822,1.7213472,0,-0.09379633,0,-105.6
393,50,nevsehir,2011,4,3,283247,98.46334,1.536656,0,4.3059297,1.902,1.7299389,0,-0.09980464,3,-105.6
394,50,nevsehir,2012,0,0,285190,98.46334,1.536656,0,4.2653456,2.034,1.7041271,0,-0.096967265,0,-105.6
395,50,nevsehir,2013,2,1,285460,98.46334,1.536656,0,4.3238873,2.098,1.7165277,1,-0.094533324,1,-105
396,50,nevsehir,2014,0,0,286250,98.46334,1.536656,0,4.3604574,2.114,1.7117904,1,-0.103636965,0,-105
397,50,nevsehir,2015,1,1,286767,98.46334,1.536656,0,4.4287744,2.016,1.7087042,0,-0.097280964,1,-105
398,50,nevsehir,2016,0,0,290895,98.46334,1.536656,0,4.4001474,1.926,1.7153956,0,-0.09070784,0,-105
399,50,nevsehir,2017,1,1,292365,98.46334,1.536656,0,4.424759,1.812,1.7170318,0,-0.08512807,1,-103.16
400,51,nigde,2010,2,2,337931,100,0,0.6931472,4.057916,1.106,1.189592,0,-0.06664352,2,-79.8
401,51,nigde,2011,0,0,337553,100,0,0.6931472,4.1939383,1.156,1.190924,0,-0.07634804,0,-79.8
402,51,nigde,2012,1,1,340270,100,0,0.6931472,4.200019,1.252,1.2078643,0,-0.075354636,1,-79.8
403,51,nigde,2013,0,0,343658,100,0,0.6931472,4.216013,1.3,1.204686,1,-0.07217871,0,-82.2
404,51,nigde,2014,0,0,343898,100,0,0.6931472,4.279887,1.416,1.2183845,1,-0.0743566,0,-82.2
405,51,nigde,2015,0,0,346114,100,0,0.6931472,4.3734016,1.448,1.2105838,0,-0.068863764,0,-82.2
406,51,nigde,2016,0,0,351468,100,0,0.6931472,4.3418717,1.478,1.2149043,0,-0.06949444,0,-82.2
407,51,nigde,2017,0,0,352727,100,0,0.6931472,4.389203,1.52,1.2304133,0,-0.06763226,0,-74.26
408,52,ordu,2010,1,1,719183,99.46681,0.5331909,2.5649493,3.9049017,0.958,2.750343,0,-0.081231326,1,52.7
409,52,ordu,2011,2,2,714390,99.46681,0.5331909,2.5649493,3.987195,0.952,2.8037906,0,-0.08759639,2,52.7
410,52,ordu,2012,1,1,741371,99.46681,0.5331909,2.5649493,4.0076537,0.982,2.758403,0,-0.08694996,1,52.7
411,52,ordu,2013,2,2,731452,99.46681,0.5331909,2.5649493,4.0621123,1.034,2.8204174,1,-0.08867696,2,-109
412,52,ordu,2014,2,2,724268,99.46681,0.5331909,2.5649493,4.1027946,1.082,2.8704844,1,-0.09174737,2,-109
413,52,ordu,2015,0,0,728949,99.46681,0.5331909,2.5649493,4.3040366,1.102,2.853423,0,-0.092997804,0,-109
414,52,ordu,2016,2,2,750588,99.46681,0.5331909,2.5649493,4.174966,1.152,2.7751577,0,-0.092999175,2,-109
415,52,ordu,2017,0,0,742341,99.46681,0.5331909,2.5649493,4.262433,1.158,2.8167648,0,-0.09021041,0,-113.86
416,53,rize,2010,0,0,319637,92.296585,0,0,4.295877,0.666,3.2130198,0,-0.10376616,0,-93.6
417,53,rize,2011,1,1,323012,92.296585,0,0,4.3750787,0.692,3.2011194,0,-0.110274225,1,-93.6
418,53,rize,2012,0,0,324152,92.296585,0,0,4.44791,0.734,3.239221,0,-0.110664725,0,-93.6
419,53,rize,2013,0,0,328205,92.296585,0,0,4.4758844,0.764,3.2205482,1,-0.11208917,0,-135.8
420,53,rize,2014,1,1,329779,92.296585,0,0,4.5220304,0.808,3.208209,1,-0.11410415,1,-135.8
421,53,rize,2015,0,0,328979,92.296585,0,0,4.5689073,0.824,3.2160108,0,-0.112131834,0,-135.8
422,53,rize,2016,1,1,331048,92.296585,0,0,4.587012,0.886,3.2110147,0,-0.108263314,1,-135.8
423,53,rize,2017,0,0,331041,92.296585,0,0,4.642291,0.902,3.2473319,0,-0.10670996,0,-145.98
424,54,sakarya,2010,3,3,872872,96.85635,1.5718229,0,4.3690825,1.3,1.4183065,0,-0.10172537,3,-90.6
425,54,sakarya,2011,3,3,888556,96.85635,1.5718229,0,4.480398,1.34,1.4022752,0,-0.1089388,3,-90.6
426,54,sakarya,2012,1,1,902267,96.85635,1.5718229,0,4.5201325,1.37,1.4164321,0,-0.10284929,1,-90.6
427,54,sakarya,2013,3,3,917373,96.85635,1.5718229,0,4.5737014,1.416,1.120591,1,-0.101777464,3,-116
428,54,sakarya,2014,2,2,932706,96.85635,1.5718229,0,4.603193,1.498,1.3959383,1,-0.10315585,2,-116
429,54,sakarya,2015,1,1,953181,96.85635,1.5718229,0,4.6705885,1.522,1.3659525,0,-0.100708246,1,-116
430,54,sakarya,2016,1,1,976948,96.85635,1.5718229,0,4.680622,1.546,1.3357927,0,-0.09813422,1,-116
431,54,sakarya,2017,3,2,990214,96.85635,1.5718229,0,4.7573857,1.586,1.3290056,0,-0.09470931,2,-130.08
432,55,samsun,2010,2,2,1252693,99.15885,0.42057377,1.3862944,4.1601453,1.15,2.0851078,0,-0.06644544,2,-96.8
433,55,samsun,2011,3,3,1251729,99.15885,0.42057377,1.3862944,4.251144,1.2,2.0939038,0,-0.07022995,3,-96.8
434,55,samsun,2012,4,4,1251722,99.15885,0.42057377,1.3862944,4.307127,1.26,2.1082957,0,-0.069255605,4,-96.8
435,55,samsun,2013,4,4,1261810,99.15885,0.42057377,1.3862944,4.3444147,1.334,2.1049128,1,-0.06843212,4,-109.8
436,55,samsun,2014,1,1,1269989,99.15885,0.42057377,1.3862944,4.371438,1.386,2.10553,1,-0.07083377,1,-109.8
437,55,samsun,2015,6,6,1279884,99.15885,0.42057377,1.3862944,4.4373136,1.44,2.094721,0,-0.06789029,6,-109.8
438,55,samsun,2016,2,2,1295927,99.15885,0.42057377,1.3862944,4.4397845,1.446,2.0819073,0,-0.064232886,2,-109.8
439,55,samsun,2017,3,3,1312990,99.15885,0.42057377,1.3862944,4.471231,1.444,2.0655146,0,-0.06346375,3,-94.74
440,56,siirt,2010,1,1,300695,0,100,7.115582,3.709712,0.16,1.8690035,0,-0.124649145,1,0
441,56,siirt,2011,0,0,310468,0,100,7.115582,3.8131597,0.164,1.8745893,0,-0.14796823,0,0
442,56,siirt,2012,0,0,310879,0,100,7.115582,3.8738222,0.174,2.007212,0,-0.1424568,0,0
443,56,siirt,2013,0,0,314153,0,100,7.115582,3.915474,0.208,2.0085754,1,-0.1425717,0,0
444,56,siirt,2014,0,0,318366,0,100,7.115582,3.9159677,0.234,1.9568672,1,-0.14423992,0,0
445,56,siirt,2015,1,1,320351,0,100,7.115582,3.9155364,0.246,1.9447418,0,-0.14923121,1,0
446,56,siirt,2016,0,0,322664,0,100,7.115582,3.9416695,0.26,2.0020826,0,-0.14841604,0,0
447,56,siirt,2017,1,1,324394,0,100,7.115582,3.9790277,0.264,1.9759922,0,-0.14243114,1,0
448,57,sinop,2010,0,0,202740,100,0,0,4.102435,1.354,5.1741147,0,-0.07590629,0,104.2
449,57,sinop,2011,0,0,203027,100,0,0,4.223087,1.342,5.1668005,0,-0.082409844,0,104.2
450,57,sinop,2012,1,1,201311,100,0,0,4.259442,1.32,5.379736,0,-0.08322488,1,104.2
451,57,sinop,2013,0,0,204568,100,0,0,4.2858686,1.346,5.3380785,1,-0.08321872,0,108.6
452,57,sinop,2014,0,0,204526,100,0,0,4.2597156,1.342,5.3978467,1,-0.0838989,0,108.6
453,57,sinop,2015,0,0,204133,100,0,0,4.2876377,1.35,5.408239,0,-0.08319084,0,108.6
454,57,sinop,2016,0,0,205478,100,0,0,4.325965,1.388,5.4750385,0,-0.08350344,0,108.6
455,57,sinop,2017,1,1,207427,100,0,0,4.329679,1.42,5.452521,0,-0.07770009,1,113.26
456,58,sivas,2010,0,0,642224,100,0,4.836282,4.1408854,0.96,2.0429008,0,-0.1153592,0,-50.8
457,58,sivas,2011,0,0,627056,100,0,4.836282,4.2873635,0.94,2.1002908,0,-0.11584984,0,-50.8
458,58,sivas,2012,0,0,623535,100,0,4.836282,4.3089576,0.978,2.1281884,0,-0.115930825,0,-50.8
459,58,sivas,2013,1,1,623824,100,0,4.836282,4.3358116,0.988,2.1288056,1,-0.115213335,1,-116.6
460,58,sivas,2014,1,1,623116,100,0,4.836282,4.3357663,1.018,2.1456678,1,-0.11460896,1,-116.6
461,58,sivas,2015,3,3,618617,100,0,4.836282,4.3890247,1.05,2.1612728,0,-0.11281741,3,-116.6
462,58,sivas,2016,0,0,621224,100,0,4.836282,4.4154587,1.104,2.1554222,0,-0.11224586,0,-116.6
463,58,sivas,2017,2,2,621301,100,0,4.836282,4.4624977,1.118,2.1648123,0,-0.112320095,2,-98.7
464,59,tekirdag,2010,4,4,798109,96.51026,2.617305,0.6931472,4.714453,1.582,0.6051805,0,-0.07530621,4,91.2
465,59,tekirdag,2011,3,3,829873,96.51026,2.617305,0.6931472,4.836992,1.648,0.5880418,0,-0.08347967,3,91.2
466,59,tekirdag,2012,5,5,852321,96.51026,2.617305,0.6931472,4.842928,1.736,0.5807671,0,-0.08176045,5,91.2
467,59,tekirdag,2013,1,0,874475,96.51026,2.617305,0.6931472,4.889511,1.796,0.5729152,1,-0.083796084,0,91.6
468,59,tekirdag,2014,1,1,906732,96.51026,2.617305,0.6931472,4.9049006,1.86,0.56356233,1,-0.0854153,1,91.6
469,59,tekirdag,2015,2,2,937910,96.51026,2.617305,0.6931472,4.9271426,1.89,0.5448284,0,-0.08389118,2,91.6
470,59,tekirdag,2016,1,1,972875,96.51026,2.617305,0.6931472,4.9481835,1.928,0.5386098,0,-0.080610186,1,91.6
471,59,tekirdag,2017,5,5,1005463,96.51026,2.617305,0.6931472,5.0158367,1.944,0.5281149,0,-0.08148053,5,102.36
472,60,tokat,2010,0,0,617802,100,0,3.7841897,3.9223578,0.91,1.8452514,0,-0.10495323,0,-99.2
473,60,tokat,2011,4,4,608299,100,0,3.7841897,3.9898791,0.946,1.8757223,0,-0.1067501,4,-99.2
474,60,tokat,2012,0,0,613990,100,0,3.7841897,4.029463,0.994,1.8746234,0,-0.10638474,0,-99.2
475,60,tokat,2013,0,0,598708,100,0,3.7841897,4.072265,1.026,1.9308244,1,-0.10691288,0,-104
476,60,tokat,2014,2,2,597920,100,0,3.7841897,4.0648313,1.046,1.9383864,1,-0.10971795,2,-104
477,60,tokat,2015,2,2,593990,100,0,3.7841897,4.1615477,1.034,1.9512113,0,-0.108059004,2,-104
478,60,tokat,2016,2,2,602662,100,0,3.7841897,4.1521544,1.04,1.9380682,0,-0.107609466,2,-104
479,60,tokat,2017,4,4,602086,100,0,3.7841897,4.1766233,1.042,1.9465657,0,-0.10898855,4,-97.6
480,61,trabzon,2010,1,1,763714,99.3354,0.6645989,1.0986123,4.284175,0.76,2.4917705,0,-0.1135055,1,-95.6
481,61,trabzon,2011,1,1,757353,99.3354,0.6645989,1.0986123,4.382433,0.762,2.5311842,0,-0.11803165,1,-95.6
482,61,trabzon,2012,0,0,757898,99.3354,0.6645989,1.0986123,4.422197,0.792,2.5755444,0,-0.114780545,0,-95.6
483,61,trabzon,2013,0,0,758237,99.3354,0.6645989,1.0986123,4.4763045,0.816,2.5889003,1,-0.11315477,0,-119
484,61,trabzon,2014,2,2,766782,99.3354,0.6645989,1.0986123,4.5072975,0.83,2.6004784,1,-0.11428264,2,-119
485,61,trabzon,2015,4,4,768417,99.3354,0.6645989,1.0986123,4.564262,0.828,2.6092603,0,-0.11087081,4,-119
486,61,trabzon,2016,5,5,779379,99.3354,0.6645989,1.0986123,4.5725417,0.848,2.5956564,0,-0.1019201,5,-119
487,61,trabzon,2017,4,4,786326,99.3354,0.6645989,1.0986123,4.5946198,0.846,2.5803547,0,-0.09805301,4,-129.22
488,62,tunceli,2010,0,0,76699,12.5,87.5,7.501082,4.420698,1.162,1.5254437,0,-0.11536272,0,0
489,62,tunceli,2011,0,0,85062,12.5,87.5,7.501082,4.3846464,1.272,1.3754673,0,-0.118716806,0,0
490,62,tunceli,2012,0,0,86276,12.5,87.5,7.501082,4.4422865,1.246,1.3908851,0,-0.10352543,0,0
491,62,tunceli,2013,0,0,85428,12.5,87.5,7.501082,4.5048785,1.272,1.5217493,1,-0.102878004,0,0
492,62,tunceli,2014,1,1,86527,12.5,87.5,7.501082,4.516808,1.346,1.063252,1,-0.110890836,1,0
493,62,tunceli,2015,0,0,86076,12.5,87.5,7.501082,4.5611196,1.378,1.0688229,0,-0.11812487,0,0
494,62,tunceli,2016,0,0,82193,12.5,87.5,7.501082,4.6525555,1.374,1.1193167,0,-0.11256346,0,0
495,62,tunceli,2017,0,0,82498,12.5,87.5,7.501082,4.691852,1.466,1.1151786,0,-0.119231224,0,65.54
496,63,sanliurfa,2010,5,5,1663371,17.453814,60.255898,4.4188404,3.5822623,0.54,0.9504795,0,-0.076853596,5,44
497,63,sanliurfa,2011,3,3,1716254,17.453814,60.255898,4.4188404,3.6393087,0.528,0.94042027,0,-0.0861543,3,44
498,63,sanliurfa,2012,4,3,1762075,17.453814,60.255898,4.4188404,3.6479623,0.496,0.99598485,0,-0.08375029,3,44
499,63,sanliurfa,2013,2,2,1801980,17.453814,60.255898,4.4188404,3.674466,0.454,1.0050056,1,-0.08405486,2,-123.4
500,63,sanliurfa,2014,7,7,1845667,17.453814,60.255898,4.4188404,3.686262,0.456,1.0018059,1,-0.08492141,7,-123.4
501,63,sanliurfa,2015,2,2,1892320,17.453814,60.255898,4.4188404,3.7574394,0.47,1.0051154,0,-0.08547125,2,-123.4
502,63,sanliurfa,2016,7,7,1940627,17.453814,60.255898,4.4188404,3.7610903,0.488,1.0074064,0,-0.086802185,7,-123.4
503,63,sanliurfa,2017,9,9,1985753,17.453814,60.255898,4.4188404,3.81263,0.514,1.0041531,0,-0.08449792,9,-121.62
504,64,usak,2010,1,1,338019,100,0,0,4.2693286,2.18,1.573876,0,-0.077218354,1,-39.6
505,64,usak,2011,1,1,339731,100,0,0,4.4160595,2.184,1.5777189,0,-0.084235504,1,-39.6
506,64,usak,2012,1,1,342269,100,0,0,4.444972,2.21,1.5893931,0,-0.08014876,1,-39.6
507,64,usak,2013,5,5,346508,100,0,0,4.4827113,2.284,1.5786071,1,-0.07995497,5,-86.6
508,64,usak,2014,2,2,349459,100,0,0,4.5015244,2.232,1.5681381,1,-0.080160886,2,-86.6
509,64,usak,2015,2,2,353048,100,0,0,4.5054,2.254,1.5521969,0,-0.079916224,2,-86.6
510,64,usak,2016,1,1,358736,100,0,0,4.5456824,2.22,1.5415236,0,-0.077524066,1,-86.6
511,64,usak,2017,2,2,364971,100,0,0,4.6128798,2.166,1.5234087,0,-0.07370725,2,-78.22
512,65,van,2010,4,1,1035418,22.318968,77.20453,6.951772,3.4645302,0.172,1.2362157,0,-0.090113595,1,0
513,65,van,2011,3,3,1022532,22.318968,77.20453,6.951772,3.591211,0.2,1.2654861,0,-0.10095531,3,0
514,65,van,2012,2,2,1051975,22.318968,77.20453,6.951772,3.698391,0.214,1.2833004,0,-0.09862174,2,0
515,65,van,2013,1,1,1070113,22.318968,77.20453,6.951772,3.7255044,0.22,1.2652869,1,-0.09838072,1,0
516,65,van,2014,3,3,1085542,22.318968,77.20453,6.951772,3.7052822,0.242,1.2592788,1,-0.099044204,3,0
517,65,van,2015,0,0,1096397,22.318968,77.20453,6.951772,3.6999066,0.256,1.2468112,0,-0.09742439,0,0
518,65,van,2016,4,4,1100190,22.318968,77.20453,6.951772,3.789553,0.266,1.2670538,0,-0.09569271,4,0
519,65,van,2017,2,2,1106891,22.318968,77.20453,6.951772,3.8136373,0.278,1.2720313,0,-0.092794016,2,0
520,66,yozgat,2010,0,0,476096,97.34388,1.3280612,0,4.003506,1.386,1.9869943,0,-0.10655758,0,-109.4
521,66,yozgat,2011,1,1,465696,97.34388,1.3280612,0,4.1011133,1.37,2.0528414,0,-0.116007924,1,-109.4
522,66,yozgat,2012,2,2,453211,97.34388,1.3280612,0,4.092907,1.36,2.1204252,0,-0.119825825,2,-109.4
523,66,yozgat,2013,0,0,444211,97.34388,1.3280612,0,4.150526,1.382,2.172391,1,-0.11970933,0,-112.4
524,66,yozgat,2014,2,2,432560,97.34388,1.3280612,0,4.1848283,1.424,2.2401516,1,-0.12523186,2,-112.4
525,66,yozgat,2015,0,0,419440,97.34388,1.3280612,0,4.2639766,1.456,2.310223,0,-0.12706292,0,-112.4
526,66,yozgat,2016,1,1,421041,97.34388,1.3280612,0,4.2882795,1.478,2.318064,0,-0.12805606,1,-112.4
527,66,yozgat,2017,6,6,418650,97.34388,1.3280612,0,4.3052883,1.478,2.3456347,0,-0.1224964,6,-81.72
528,67,zonguldak,2010,1,1,619703,99.40778,0,0,4.061021,1.796,2.312398,0,-0.10379748,1,91.6
529,67,zonguldak,2011,6,6,612406,99.40778,0,0,4.225399,1.772,2.3628116,0,-0.10855523,6,91.6
530,67,zonguldak,2012,0,0,606527,99.40778,0,0,4.2266345,1.754,2.4137425,0,-0.106579274,0,91.6
531,67,zonguldak,2013,3,3,601567,99.40778,0,0,4.3065844,1.722,2.4452803,1,-0.10720639,3,79.8
532,67,zonguldak,2014,5,5,598796,99.40778,0,0,4.3358145,1.668,2.4682863,1,-0.11056648,5,79.8
533,67,zonguldak,2015,1,1,595907,99.40778,0,0,4.3686843,1.666,2.4802527,0,-0.10951279,1,79.8
534,67,zonguldak,2016,4,3,597524,99.40778,0,0,4.412687,1.692,2.5053387,0,-0.10688239,3,79.8
535,67,zonguldak,2017,4,4,596892,99.40778,0,0,4.4924755,1.716,2.5146928,0,-0.10375255,4,-85.04
536,68,aksaray,2010,1,1,377505,100,0,0.6931472,4.0842037,2.354,1.4966689,0,-0.08098957,1,-116.4
537,68,aksaray,2011,0,0,378823,100,0,0.6931472,4.172206,2.384,1.4967412,0,-0.090812534,0,-116.4
538,68,aksaray,2012,3,3,379915,100,0,0.6931472,4.171347,2.346,1.5292895,0,-0.0881062,3,-116.4
539,68,aksaray,2013,2,2,382806,100,0,0.6931472,4.22324,2.358,1.51774,1,-0.08703795,2,-113.8
540,68,aksaray,2014,0,0,384252,100,0,0.6931472,4.3196316,2.206,1.519836,1,-0.08603737,0,-113.8
541,68,aksaray,2015,4,4,386514,100,0,0.6931472,4.400545,2.076,1.5109414,0,-0.08931373,4,-113.8
542,68,aksaray,2016,1,1,396673,100,0,0.6931472,4.383645,2.016,1.5024971,0,-0.07932803,1,-113.8
543,68,aksaray,2017,2,2,402404,100,0,0.6931472,4.446467,2.022,1.4860687,0,-0.07758643,2,-80.94
544,69,bayburt,2010,0,0,74412,94.37827,5.621731,0.6931472,4.010104,0.578,3.2118475,0,-0.16704431,0,-69.8
545,69,bayburt,2011,0,0,76724,94.37827,5.621731,0.6931472,4.0345373,0.618,3.1411293,0,-0.18452865,0,-69.8
546,69,bayburt,2012,0,0,75797,94.37827,5.621731,0.6931472,4.1610518,0.568,3.2191248,0,-0.17880629,0,-69.8
547,69,bayburt,2013,0,0,75620,94.37827,5.621731,0.6931472,4.1987534,0.612,3.2398837,1,-0.17255689,0,-104.2
548,69,bayburt,2014,0,0,80607,94.37827,5.621731,0.6931472,4.1505184,0.598,3.0890617,1,-0.17446996,0,-104.2
549,69,bayburt,2015,0,0,78550,94.37827,5.621731,0.6931472,4.2496467,0.636,3.1699555,0,-0.16923553,0,-104.2
550,69,bayburt,2016,1,1,90154,94.37827,5.621731,0.6931472,4.1758003,0.652,2.795217,0,-0.15545005,1,-104.2
551,69,bayburt,2017,0,0,80417,94.37827,5.621731,0.6931472,4.286869,0.654,3.1212306,0,-0.15681246,0,-56.49
552,70,karaman,2010,2,2,232633,100,0,0,4.242366,1.494,2.1321137,0,-0.092114344,2,-98.8
553,70,karaman,2011,1,1,234005,100,0,0,4.375859,1.6,2.1324332,0,-0.09457375,1,-98.8
554,70,karaman,2012,0,0,235424,100,0,0,4.4883213,1.69,2.1110847,0,-0.088458374,0,-98.8
555,70,karaman,2013,0,0,237939,100,0,0,4.599569,1.784,2.0929735,1,-0.08424713,0,-104.8
556,70,karaman,2014,3,3,240362,100,0,0,4.6101985,1.866,2.063554,1,-0.08812329,3,-104.8
557,70,karaman,2015,5,4,242196,100,0,0,4.668018,1.9,2.047928,0,-0.08683057,4,-104.8
558,70,karaman,2016,2,2,245610,100,0,0,4.6483364,1.832,2.0438907,0,-0.0725698,2,-104.8
559,70,karaman,2017,0,0,246672,100,0,0,4.734858,1.778,2.043199,0,-0.07787372,0,-39.57
560,71,kirikkale,2010,0,0,276647,100,0,0,4.207788,1.82,1.2506913,0,-0.16138142,0,-63.6
561,71,kirikkale,2011,2,2,274992,100,0,0,4.372667,1.906,1.2727643,0,-0.16964658,2,-63.6
562,71,kirikkale,2012,0,0,274727,100,0,0,4.3614044,1.978,1.284912,0,-0.17349824,0,-63.6
563,71,kirikkale,2013,1,1,274658,100,0,0,4.4126225,2.056,1.2852347,1,-0.17462158,1,-88.6
564,71,kirikkale,2014,1,1,271092,100,0,0,4.4002967,2.084,1.3095186,1,-0.17896569,1,-88.6
565,71,kirikkale,2015,4,4,270271,100,0,0,4.4523687,2.096,1.3134965,0,-0.17424926,4,-88.6
566,71,kirikkale,2016,1,1,277984,100,0,0,4.445763,2.046,1.3022332,0,-0.17578927,1,-88.6
567,71,kirikkale,2017,0,0,278749,100,0,0,4.632452,1.952,1.3058343,0,-0.1700803,0,-84.06
568,72,batman,2010,1,1,510200,2.225303,73.296364,6.4002576,3.7975702,0.226,1.1779695,0,-0.12829666,1,0
569,72,batman,2011,0,0,524499,2.225303,73.296364,6.4002576,3.9004476,0.224,1.1515751,0,-0.13544339,0,0
570,72,batman,2012,1,1,534205,2.225303,73.296364,6.4002576,3.8856046,0.232,1.1587312,0,-0.13526523,1,0
571,72,batman,2013,4,4,547581,2.225303,73.296364,6.4002576,3.8852813,0.256,1.170603,1,-0.13258313,4,0
572,72,batman,2014,6,6,557593,2.225303,73.296364,6.4002576,3.8770971,0.286,1.1549643,1,-0.12890695,6,0
573,72,batman,2015,0,0,566633,2.225303,73.296364,6.4002576,3.8726332,0.32,1.1365381,0,-0.128984,0,0
574,72,batman,2016,3,3,576899,2.225303,73.296364,6.4002576,3.9065552,0.356,1.1544482,0,-0.1263626,3,0
575,72,batman,2017,1,1,585252,2.225303,73.296364,6.4002576,3.994557,0.364,1.16531,0,-0.122702405,1,0
576,73,sirnak,2010,0,0,430109,0,100,8.266935,3.6819735,0.146,1.0787963,0,-0.11431019,0,0
577,73,sirnak,2011,0,0,457997,0,100,8.266935,3.7518873,0.156,1.0327579,0,-0.13597125,0,0
578,73,sirnak,2012,0,0,466982,0,100,8.266935,3.8586059,0.162,1.0771294,0,-0.13015383,0,0
579,73,sirnak,2013,1,1,475255,0,100,8.266935,3.9254932,0.168,1.071004,1,-0.12926722,1,0
580,73,sirnak,2014,1,1,488966,0,100,8.266935,3.9046876,0.17,1.0573332,1,-0.13448337,1,0
581,73,sirnak,2015,0,0,490184,0,100,8.266935,3.9803026,0.18,1.054706,0,-0.13984856,0,0
582,73,sirnak,2016,0,0,483788,0,100,8.266935,4.0379734,0.192,1.076918,0,-0.13303077,0,0
583,73,sirnak,2017,0,0,503236,0,100,8.266935,4.0903926,0.19,1.0571581,0,-0.14330561,0,-123.44
584,74,bartin,2010,0,0,187758,100,0,0,4.021459,1.5,3.9785256,0,-0.09318988,0,-39.9
585,74,bartin,2011,3,3,187291,100,0,0,4.1590323,1.47,4.084553,0,-0.0996546,3,-39.9
586,74,bartin,2012,1,1,188436,100,0,0,4.2071657,1.538,4.112802,0,-0.098332524,1,-39.9
587,74,bartin,2013,0,0,189139,100,0,0,4.2510943,1.532,4.150387,1,-0.098001525,0,-45.9
588,74,bartin,2014,0,0,189405,100,0,0,4.2670674,1.568,4.1815157,1,-0.09137505,0,-45.9
589,74,bartin,2015,0,0,190708,100,0,0,4.300877,1.49,4.152946,0,-0.09429538,0,-45.9
590,74,bartin,2016,1,1,192389,100,0,0,4.3261414,1.454,4.1426487,0,-0.09143011,1,-45.9
591,74,bartin,2017,0,0,193577,100,0,0,4.354667,1.428,4.1327224,0,-0.089724705,0,-35.76
592,75,ardahan,2010,1,0,105454,16.666666,83.333336,4.0253515,3.9871113,0.422,2.512944,0,-0.09976504,0,-73.8
593,75,ardahan,2011,0,0,107455,16.666666,83.333336,4.0253515,4.0062213,0.42,2.4661486,0,-0.11539549,0,-73.8
594,75,ardahan,2012,1,1,106643,16.666666,83.333336,4.0253515,4.091025,0.454,2.559943,0,-0.11155471,1,-73.8
595,75,ardahan,2013,0,0,102782,16.666666,83.333336,4.0253515,4.07247,0.524,2.6561072,1,-0.11021851,0,-68.6
596,75,ardahan,2014,0,0,100809,16.666666,83.333336,4.0253515,4.060781,0.58,2.727931,1,-0.11655581,0,-68.6
597,75,ardahan,2015,2,2,99265,16.666666,83.333336,4.0253515,4.2304683,0.598,2.760288,0,-0.11345126,2,-68.6
598,75,ardahan,2016,0,0,98335,16.666666,83.333336,4.0253515,4.263988,0.614,2.7965627,0,-0.11393987,0,-68.6
599,75,ardahan,2017,0,0,97096,16.666666,83.333336,4.0253515,4.326352,0.614,2.8631458,0,-0.1133662,0,102.4
600,76,igdir,2010,1,1,184418,35.043762,61.60181,5.521461,3.8966506,1.196,1.1983646,0,-0.061945602,1,0
601,76,igdir,2011,2,2,188857,35.043762,61.60181,5.521461,3.951973,1.212,1.1701976,0,-0.06824656,2,0
602,76,igdir,2012,0,0,190409,35.043762,61.60181,5.521461,4.05852,1.17,1.2604446,0,-0.065254554,0,0
603,76,igdir,2013,5,5,190424,35.043762,61.60181,5.521461,4.049507,1.128,1.2708482,1,-0.060740173,5,0
604,76,igdir,2014,1,1,192056,35.043762,61.60181,5.521461,4.034132,1.128,1.2652559,1,-0.05917731,1,0
605,76,igdir,2015,2,2,192435,35.043762,61.60181,5.521461,4.132383,1.096,1.29914,0,-0.056744352,2,0
606,76,igdir,2016,3,3,192785,35.043762,61.60181,5.521461,4.1370173,1.016,1.3071556,0,-0.052039236,3,0
607,76,igdir,2017,0,0,194775,35.043762,61.60181,5.521461,4.2690206,1.064,1.3194712,0,-0.04883343,0,0
608,77,yalova,2010,1,1,203741,66.666664,16.666666,0,4.4765053,1.94,0.7313206,0,-0.07465795,1,35.4
609,77,yalova,2011,1,1,206535,66.666664,16.666666,0,4.6544166,1.838,0.7262691,0,-0.07996845,1,35.4
610,77,yalova,2012,0,0,211799,66.666664,16.666666,0,4.6367564,1.868,0.73182595,0,-0.078909725,0,35.4
611,77,yalova,2013,1,1,220122,66.666664,16.666666,0,4.68419,1.876,0.71324086,1,-0.07949245,1,96
612,77,yalova,2014,0,0,226514,66.666664,16.666666,0,4.754819,1.864,0.70635813,1,-0.08459899,0,96
613,77,yalova,2015,2,2,233009,66.666664,16.666666,0,4.8092713,1.812,0.6952521,0,-0.07924342,2,96
614,77,yalova,2016,3,3,241665,66.666664,16.666666,0,4.8374834,1.814,0.6744874,0,-0.07669413,3,96
615,77,yalova,2017,1,0,251203,66.666664,16.666666,0,4.893187,1.72,0.6608201,0,-0.07830188,0,91.82
616,78,karabuk,2010,0,0,227610,100,0,0,4.1660843,1.388,3.9848864,0,-0.13443653,0,-31
617,78,karabuk,2011,0,0,219728,100,0,0,4.387465,1.41,4.1642394,0,-0.13485442,0,-31
618,78,karabuk,2012,0,0,225145,100,0,0,4.3457813,1.502,4.152879,0,-0.13478425,0,-31
619,78,karabuk,2013,0,0,230251,100,0,0,4.421269,1.568,4.060786,1,-0.1293759,0,-51.8
620,78,karabuk,2014,0,0,231333,100,0,0,4.4637666,1.614,4.0763745,1,-0.1318031,0,-51.8
621,78,karabuk,2015,0,0,236978,100,0,0,4.483773,1.608,3.9792724,0,-0.123794764,0,-51.8
622,78,karabuk,2016,1,1,242347,100,0,0,4.5092387,1.646,3.9282517,0,-0.121281326,1,-51.8
623,78,karabuk,2017,0,0,244453,100,0,0,4.590482,1.56,3.931226,0,-0.12124625,0,-39.83
624,79,kilis,2010,1,1,123135,87.5,12.5,3.2580965,3.898895,0.804,1.6892029,0,-0.08298962,1,-99.8
625,79,kilis,2011,0,0,124452,87.5,12.5,3.2580965,3.8308198,0.814,1.7195385,0,-0.08925384,0,-99.8
626,79,kilis,2012,0,0,124320,87.5,12.5,3.2580965,3.8954628,0.83,1.7133205,0,-0.09839518,0,-99.8
627,79,kilis,2013,0,0,128586,87.5,12.5,3.2580965,4.0551705,0.938,1.648702,1,-0.07603012,0,-101.6
628,79,kilis,2014,0,0,128781,87.5,12.5,3.2580965,4.031377,0.978,1.6539707,1,-0.07639222,0,-101.6
629,79,kilis,2015,0,0,130655,87.5,12.5,3.2580965,4.203353,1.028,1.6532089,0,-0.072014555,0,-101.6
630,79,kilis,2016,0,0,130825,87.5,12.5,3.2580965,4.196647,1.096,1.6587044,0,-0.069739476,0,-101.6
631,79,kilis,2017,3,3,136319,87.5,12.5,3.2580965,4.2454967,1.162,1.6285331,0,-0.065346405,3,-94.52
632,80,osmaniye,2010,1,1,479221,83.4564,16.543604,3.3322046,4.0015626,0.968,1.0934412,0,-0.08898866,1,-48.8
633,80,osmaniye,2011,2,2,485357,83.4564,16.543604,3.3322046,4.098222,1.04,1.09404,0,-0.0950301,2,-48.8
634,80,osmaniye,2012,3,2,492135,83.4564,16.543604,3.3322046,4.083189,1.126,1.1196115,0,-0.094242185,2,-48.8
635,80,osmaniye,2013,2,2,498981,83.4564,16.543604,3.3322046,4.1345005,1.218,1.1282995,1,-0.09530677,2,-47.3
636,80,osmaniye,2014,1,1,506807,83.4564,16.543604,3.3322046,4.175689,1.272,1.1167959,1,-0.09683357,1,-47.3
637,80,osmaniye,2015,1,1,512873,83.4564,16.543604,3.3322046,4.201886,1.288,1.103587,0,-0.09128399,1,-47.3
638,80,osmaniye,2016,2,2,522175,83.4564,16.543604,3.3322046,4.2499776,1.26,1.0973333,0,-0.08883408,2,-47.3
639,80,osmaniye,2017,0,0,527724,83.4564,16.543604,3.3322046,4.3346334,1.302,1.0857948,0,-0.086496085,0,-54.44
640,81,duzce,2010,2,1,338188,87.5,12.5,0,4.325378,1.224,1.957491,0,-0.09399238,1,-85
641,81,duzce,2011,1,1,342146,87.5,12.5,0,4.4332576,1.304,1.9319237,0,-0.10293631,1,-85
642,81,duzce,2012,0,0,346493,87.5,12.5,0,4.499838,1.348,1.9163446,0,-0.10210447,0,-85
643,81,duzce,2013,2,2,351509,87.5,12.5,0,4.5361238,1.454,1.8946884,1,-0.104739726,2,-109
644,81,duzce,2014,2,2,355549,87.5,12.5,0,4.5922227,1.572,1.8815972,1,-0.10348846,2,-109
645,81,duzce,2015,2,2,360388,87.5,12.5,0,4.6802187,1.73,1.8563327,0,-0.1027517,2,-109
646,81,duzce,2016,3,3,370371,87.5,12.5,0,4.6549473,1.85,1.8332969,0,-0.095930785,3,-109
647,81,duzce,2017,2,2,377610,87.5,12.5,0,4.6844153,1.822,1.8140409,0,-0.09414899,2,-94.28
