,prov_code,prov_name,year,all_wm_prov,knows_wm_prov,total_pop,ethnic_turkish,ethnic_kurdish,ln_casualty,ln_gdppc_cons,divorce_rate_ma5,mosques_perk,ceasefire,fm_diff_educ,count,party,pol_attitude,lat,lng,count_k,count_scaled
0,1,adana,2010,20,19,2085225,82.03772,13.370917,3.1780539,4.1877975,1.458,0.60664916,0,-0.06288165,20,MHP,-29.7,37,35.325,0.009591291,36.53
1,1,adana,2011,15,15,2108805,82.03772,13.370917,3.1780539,4.270533,1.532,0.5998658,0,-0.06818777,15,MHP,-29.7,37,35.325,0.007113033,27.09
2,1,adana,2012,9,9,2125635,82.03772,13.370917,3.1780539,4.310695,1.632,0.6407497,0,-0.06709957,9,MHP,-29.7,37,35.325,0.004234029,16.13
3,1,adana,2013,7,7,2149260,82.03772,13.370917,3.1780539,4.3507123,1.712,0.65185225,1,-0.06671113,7,MHP,-33.6,37,35.325,0.003256935,12.4
4,1,adana,2014,14,14,2165595,82.03772,13.370917,3.1780539,4.3790603,1.79,0.65432364,1,-0.0671466,14,MHP,-33.6,37,35.325,0.006464736,24.62
5,1,adana,2015,12,12,2183167,82.03772,13.370917,3.1780539,4.421428,1.824,0.6490571,0,-0.06585774,12,MHP,-33.6,37,35.325,0.005496602,20.93
6,1,adana,2016,11,10,2201670,82.03772,13.370917,3.1780539,4.455729,1.89,0.65086955,0,-0.06417319,11,MHP,-33.6,37,35.325,0.004996207,19.03
7,1,adana,2017,18,18,2216475,82.03772,13.370917,3.1780539,4.5086017,1.882,0.65238726,0,-0.06269407,18,CHP,107.26,37,35.325,0.008121003,30.93
8,2,adiyaman,2010,0,0,590935,28.144897,70.21079,3.7612002,3.7191708,0.744,1.1862557,0,-0.10079217,1,AKP,-98.6,37.7644,38.2763,0,NULL
9,2,adiyaman,2011,1,1,593931,28.144897,70.21079,3.7612002,3.8266168,0.74,1.190374,0,-0.106139034,1,AKP,-98.6,37.7644,38.2763,0.001683697,6.41
10,2,adiyaman,2012,1,1,595261,28.144897,70.21079,3.7612002,3.8406134,0.748,1.2263528,0,-0.10638426,2,AKP,-98.6,37.7644,38.2763,0.001679935,6.4
11,2,adiyaman,2013,2,2,597184,28.144897,70.21079,3.7612002,3.947309,0.762,1.2374746,1,-0.10291308,1,AKP,-113,37.7644,38.2763,0.003349052,12.75
12,2,adiyaman,2014,0,0,597835,28.144897,70.21079,3.7612002,4.0243244,0.814,1.2444905,1,-0.10177758,1,AKP,-113,37.7644,38.2763,0,NULL
13,2,adiyaman,2015,1,1,602774,28.144897,70.21079,3.7612002,4.050076,0.806,1.2342935,0,-0.1024912,2,AKP,-113,37.7644,38.2763,0.001658997,6.32
14,2,adiyaman,2016,0,0,610484,28.144897,70.21079,3.7612002,4.060205,0.854,1.2449138,0,-0.09956594,2,AKP,-113,37.7644,38.2763,0,NULL
15,2,adiyaman,2017,0,0,615076,28.144897,70.21079,3.7612002,4.0970206,0.872,1.250252,0,-0.094524905,2,AKP,-106.44,37.7644,38.2763,0,NULL
16,3,afyonkarahisar,2010,0,0,697559,98.167175,1.8328214,0,4.1500306,1.378,1.5625918,0,-0.101964876,1,AKP,-96.4,38.7581,30.5386,0,NULL
17,3,afyonkarahisar,2011,0,0,698626,98.167175,1.8328214,0,4.2237825,1.394,1.5759505,0,-0.11241506,4,AKP,-96.4,38.7581,30.5386,0,NULL
18,3,afyonkarahisar,2012,1,1,703948,98.167175,1.8328214,0,4.229459,1.414,1.5967089,0,-0.108885884,1,AKP,-96.4,38.7581,30.5386,0.001420559,5.41
19,3,afyonkarahisar,2013,2,1,707123,98.167175,1.8328214,0,4.2711825,1.418,1.6022673,1,-0.10815194,1,AKP,-98.8,38.7581,30.5386,0.002828362,10.77
20,3,afyonkarahisar,2014,2,2,706371,98.167175,1.8328214,0,4.32155,1.41,1.6237926,1,-0.10934779,2,AKP,-98.8,38.7581,30.5386,0.002831373,10.78
21,3,afyonkarahisar,2015,2,2,709015,98.167175,1.8328214,0,4.3708544,1.41,1.6177373,0,-0.10976529,2,AKP,-98.8,38.7581,30.5386,0.002820815,10.74
22,3,afyonkarahisar,2016,1,0,714523,98.167175,1.8328214,0,4.3971524,1.364,1.6388556,0,-0.10916367,3,AKP,-98.8,38.7581,30.5386,0.001399535,5.33
23,3,afyonkarahisar,2017,4,4,715693,98.167175,1.8328214,0,4.418556,1.348,1.6417654,0,-0.1054474,1,AKP,-85.92,38.7581,30.5386,0.005588989,21.29
24,4,agri,2010,1,1,542022,15.413678,84.106926,5.638355,3.4639869,0.212,1.5405278,0,-0.079818524,2,AKP,-79.2,39.7225,43.0544,0.001844944,7.03
25,4,agri,2011,0,0,555479,15.413678,84.106926,5.638355,3.468833,0.216,1.5176091,0,-0.09604575,1,AKP,-79.2,39.7225,43.0544,0,NULL
26,4,agri,2012,1,1,552404,15.413678,84.106926,5.638355,3.5463946,0.232,1.5767446,0,-0.087430306,1,AKP,-79.2,39.7225,43.0544,0.001810269,6.89
27,4,agri,2013,2,2,551177,15.413678,84.106926,5.638355,3.5650904,0.242,1.6020262,1,-0.086224,1,BDP,0,39.7225,43.0544,0.003628598,13.82
28,4,agri,2014,2,2,549435,15.413678,84.106926,5.638355,3.5584946,0.27,1.6289461,1,-0.08654669,20,BDP,0,39.7225,43.0544,0.003640103,13.86
29,4,agri,2015,0,0,547210,15.413678,84.106926,5.638355,3.6187139,0.304,1.6355696,0,-0.083903745,10,BDP,0,39.7225,43.0544,0,NULL
30,4,agri,2016,0,0,542255,15.413678,84.106926,5.638355,3.6891143,0.334,1.6689565,0,-0.08309839,16,BDP,0,39.7225,43.0544,0,NULL
31,4,agri,2017,3,3,536285,15.413678,84.106926,5.638355,3.721309,0.348,1.7117764,0,-0.08006203,9,AKP,-111.14,39.7225,43.0544,0.00559404,21.3
32,5,amasya,2010,1,0,334786,100,0,1.3862944,4.1869845,1.078,1.9803696,0,-0.11596309,14,AKP,-80.2,40.65,35.8333,0.002986983,11.38
33,5,amasya,2011,2,2,323079,100,0,1.3862944,4.311354,1.08,2.0768914,0,-0.11575326,18,AKP,-80.2,40.65,35.8333,0.006190436,23.58
34,5,amasya,2012,0,0,322283,100,0,1.3862944,4.3327756,1.126,2.1161525,0,-0.117475346,13,AKP,-80.2,40.65,35.8333,0,NULL
35,5,amasya,2013,0,0,321977,100,0,1.3862944,4.377993,1.162,2.146116,1,-0.12280792,5,AKP,-87,40.65,35.8333,0,NULL
36,5,amasya,2014,1,1,321913,100,0,1.3862944,4.358618,1.226,2.1465428,1,-0.12558481,6,AKP,-87,40.65,35.8333,0.003106429,11.83
37,5,amasya,2015,0,0,322167,100,0,1.3862944,4.4561386,1.272,2.1448503,0,-0.1225819,9,AKP,-87,40.65,35.8333,0,NULL
38,5,amasya,2016,1,1,326351,100,0,1.3862944,4.466351,1.312,2.080582,0,-0.12236178,6,AKP,-87,40.65,35.8333,0.003064185,11.67
39,5,amasya,2017,1,1,329888,100,0,1.3862944,4.491895,1.33,2.064337,0,-0.12128848,10,MHP,-47.28,40.65,35.8333,0.003031332,11.54
40,6,ankara,2010,20,19,4771716,98.271225,0.4321942,0,4.896542,1.96,0.5842762,0,-0.076327056,8,AKP,-77,39.93,32.85,0.004191364,15.96
41,6,ankara,2011,10,10,4890893,98.271225,0.4321942,0,4.969082,2.008,0.57596844,0,-0.07874817,12,AKP,-77,39.93,32.85,0.002044616,7.79
42,6,ankara,2012,16,16,4965542,98.271225,0.4321942,0,4.9594994,2.068,0.57899016,0,-0.07585204,16,AKP,-77,39.93,32.85,0.003222206,12.27
43,6,ankara,2013,9,9,5045083,98.271225,0.4321942,0,5.0097227,2.148,0.57719564,1,-0.07733157,15,AKP,-89.8,39.93,32.85,0.001783915,6.79
44,6,ankara,2014,14,14,5150072,98.271225,0.4321942,0,5.0105057,2.202,0.5737784,1,-0.0808157,1,AKP,-89.8,39.93,32.85,0.002718409,10.35
45,6,ankara,2015,18,18,5270575,98.271225,0.4321942,0,5.0431695,2.214,0.56805944,0,-0.07828298,7,AKP,-89.8,39.93,32.85,0.003415187,13.01
46,6,ankara,2016,14,14,5346518,98.271225,0.4321942,0,5.080376,2.198,0.5672851,0,-0.07454023,3,AKP,-89.8,39.93,32.85,0.002618527,9.97
47,6,ankara,2017,5,5,5445026,98.271225,0.4321942,0,5.114053,2.162,0.56326634,0,-0.07532671,4,CHP,101.86,39.93,32.85,0.000918269,3.5
48,7,antalya,2010,6,5,1978333,93.47289,5.405746,2.8903718,4.7319584,2.162,1.0412807,0,-0.05549422,5,CHP,81.6,36.9081,30.6956,0.003032856,11.55
49,7,antalya,2011,9,9,2043482,93.47289,5.405746,2.8903718,4.8088593,2.316,1.0261896,0,-0.059131503,5,CHP,81.6,36.9081,30.6956,0.004404247,16.77
50,7,antalya,2012,6,5,2092537,93.47289,5.405746,2.8903718,4.774946,2.464,1.0179031,0,-0.05914566,6,CHP,81.6,36.9081,30.6956,0.002867333,10.92
51,7,antalya,2013,10,10,2158265,93.47289,5.405746,2.8903718,4.790795,2.564,0.9929272,1,-0.05821404,5,AKP,-72.8,36.9081,30.6956,0.004633351,17.65
52,7,antalya,2014,8,8,2222562,93.47289,5.405746,2.8903718,4.7948537,2.674,0.97230136,1,-0.06170124,4,AKP,-72.8,36.9081,30.6956,0.00359945,13.71
53,7,antalya,2015,12,12,2288456,93.47289,5.405746,2.8903718,4.831799,2.726,0.9539183,0,-0.061507016,1,AKP,-72.8,36.9081,30.6956,0.00524371,19.97
54,7,antalya,2016,16,16,2328555,93.47289,5.405746,2.8903718,4.760686,2.734,0.9477981,0,-0.057923704,7,AKP,-72.8,36.9081,30.6956,0.006871214,26.17
55,7,antalya,2017,15,15,2364396,93.47289,5.405746,2.8903718,4.8125505,2.666,0.9486567,0,-0.05765137,3,CHP,101.24,36.9081,30.6956,0.006344115,24.16
56,8,artvin,2010,0,0,164759,48.17907,0,2.0794415,4.3886604,0.782,4.1393795,0,-0.1419249,2,CHP,87.4,41.1822,41.8194,0,NULL
57,8,artvin,2011,0,0,166394,48.17907,0,2.0794415,4.43504,0.824,4.0866857,0,-0.15380219,2,CHP,87.4,41.1822,41.8194,0,NULL
58,8,artvin,2012,0,0,167082,48.17907,0,2.0794415,4.473485,0.858,4.075843,0,-0.15248749,6,CHP,87.4,41.1822,41.8194,0,NULL
59,8,artvin,2013,0,0,169334,48.17907,0,2.0794415,4.492002,0.864,4.051165,1,-0.15086843,6,AKP,-92.6,41.1822,41.8194,0,NULL
60,8,artvin,2014,0,0,169674,48.17907,0,2.0794415,4.508514,0.918,4.066622,1,-0.1572333,8,AKP,-92.6,41.1822,41.8194,0,NULL
61,8,artvin,2015,0,0,168370,48.17907,0,2.0794415,4.56878,0.942,4.0981174,0,-0.15557691,1,AKP,-92.6,41.1822,41.8194,0,NULL
62,8,artvin,2016,1,1,168068,48.17907,0,2.0794415,4.5898128,0.92,4.141181,0,-0.1532042,1,AKP,-92.6,41.1822,41.8194,0.005949973,22.66
63,8,artvin,2017,0,0,166143,48.17907,0,2.0794415,4.658476,0.908,4.1951814,0,-0.14918613,1,CHP,101.92,41.1822,41.8194,0,NULL
64,9,aydin,2010,7,6,989862,68.024796,31.9752,1.0986123,4.1862707,1.87,1.1223787,0,-0.048866346,1,CHP,52,37.8481,27.8453,0.007071693,26.93
65,9,aydin,2011,3,2,999163,68.024796,31.9752,1.0986123,4.2780695,1.952,1.1089282,0,-0.05339119,1,CHP,52,37.8481,27.8453,0.003002513,11.44
66,9,aydin,2012,4,4,1006541,68.024796,31.9752,1.0986123,4.308888,2.028,1.1067606,0,-0.051643148,1,CHP,52,37.8481,27.8453,0.003974006,15.13
67,9,aydin,2013,5,5,1020957,68.024796,31.9752,1.0986123,4.3366685,2.086,1.0979894,1,-0.051712364,1,CHP,87.6,37.8481,27.8453,0.004897366,18.65
68,9,aydin,2014,5,5,1041979,68.024796,31.9752,1.0986123,4.359194,2.118,1.0787165,1,-0.05266419,1,CHP,87.6,37.8481,27.8453,0.004798561,18.28
69,9,aydin,2015,6,5,1053506,68.024796,31.9752,1.0986123,4.4017878,2.104,1.0669137,0,-0.053051263,1,CHP,87.6,37.8481,27.8453,0.005695269,21.69
70,9,aydin,2016,5,5,1068260,68.024796,31.9752,1.0986123,4.4294853,2.146,1.0662198,0,-0.052628607,1,CHP,87.6,37.8481,27.8453,0.004680508,17.83
71,9,aydin,2017,4,4,1080839,68.024796,31.9752,1.0986123,4.5008326,2.142,1.0547361,0,-0.054177284,1,CHP,107.88,37.8481,27.8453,0.003700829,14.09
72,10,balikesir,2010,1,0,1152323,98.26581,0.5780639,0,4.3937593,1.668,1.4214765,0,-0.08686149,3,MHP,-41.1,39.6511,27.8842,0.000867812,3.31
73,10,balikesir,2011,7,7,1154314,98.26581,0.5780639,0,4.4788666,1.704,1.4233562,0,-0.09200135,2,MHP,-41.1,39.6511,27.8842,0.006064208,23.1
74,10,balikesir,2012,3,3,1160731,98.26581,0.5780639,0,4.4797916,1.776,1.4249641,0,-0.08902086,4,MHP,-41.1,39.6511,27.8842,0.002584578,9.84
75,10,balikesir,2013,2,2,1162761,98.26581,0.5780639,0,4.48488,1.846,1.4310765,1,-0.09166533,1,AKP,-79.6,39.6511,27.8842,0.001720044,6.55
76,10,balikesir,2014,2,2,1189057,98.26581,0.5780639,0,4.507387,1.924,1.4036334,1,-0.09345198,2,AKP,-79.6,39.6511,27.8842,0.001682005,6.41
77,10,balikesir,2015,6,6,1186688,98.26581,0.5780639,0,4.5351443,1.964,1.4064354,0,-0.094206184,2,AKP,-79.6,39.6511,27.8842,0.005056089,19.26
78,10,balikesir,2016,6,6,1196176,98.26581,0.5780639,0,4.582847,1.99,1.3961157,0,-0.09074339,1,AKP,-79.6,39.6511,27.8842,0.005015984,19.1
79,10,balikesir,2017,8,7,1204824,98.26581,0.5780639,0,4.637985,1.978,1.3910745,0,-0.093445,2,AKP,-95.56,39.6511,27.8842,0.006639974,25.29
80,11,bilecik,2010,0,0,225381,89.76678,10.233222,0.6931472,4.601996,1.136,1.8147049,0,-0.14072019,12,AKP,-76.4,40.1431,29.9792,0,NULL
81,11,bilecik,2011,0,0,203849,89.76678,10.233222,0.6931472,4.8162203,1.254,2.0112927,0,-0.13687772,5,AKP,-76.4,40.1431,29.9792,0,NULL
82,11,bilecik,2012,0,0,204116,89.76678,10.233222,0.6931472,4.829627,1.342,1.9988633,0,-0.12834299,7,AKP,-76.4,40.1431,29.9792,0,NULL
83,11,bilecik,2013,0,0,208888,89.76678,10.233222,0.6931472,4.895732,1.424,1.9579871,1,-0.12758602,4,AKP,-79.4,40.1431,29.9792,0,NULL
84,11,bilecik,2014,1,1,209925,89.76678,10.233222,0.6931472,4.9004292,1.52,1.9816601,1,-0.12602544,8,AKP,-79.4,40.1431,29.9792,0.004763606,18.14
85,11,bilecik,2015,1,1,212361,89.76678,10.233222,0.6931472,4.912979,1.57,1.9589285,0,-0.12517491,11,AKP,-79.4,40.1431,29.9792,0.004708963,17.93
86,11,bilecik,2016,0,0,218297,89.76678,10.233222,0.6931472,4.906442,1.57,1.9148225,0,-0.11657402,6,AKP,-79.4,40.1431,29.9792,0,NULL
87,11,bilecik,2017,1,1,221693,89.76678,10.233222,0.6931472,4.930749,1.576,1.908044,0,-0.12777656,15,CHP,101.28,40.1431,29.9792,0.004510742,17.18
88,12,bingol,2010,0,0,255170,4.7396154,95.26038,7.5694118,3.695008,0.578,2.1162362,0,-0.12824184,3,AKP,-85.6,38.8861,40.5017,0,NULL
89,12,bingol,2011,0,0,262263,4.7396154,95.26038,7.5694118,3.7922325,0.586,2.1200094,0,-0.14088938,3,AKP,-85.6,38.8861,40.5017,0,NULL
90,12,bingol,2012,0,0,262507,4.7396154,95.26038,7.5694118,3.8739836,0.524,2.148514,0,-0.13798293,1,AKP,-85.6,38.8861,40.5017,0,NULL
91,12,bingol,2013,0,0,265514,4.7396154,95.26038,7.5694118,3.9264855,0.514,2.1241817,1,-0.13587645,1,AKP,-116.8,38.8861,40.5017,0,NULL
92,12,bingol,2014,0,0,266019,4.7396154,95.26038,7.5694118,3.967885,0.51,2.1727772,1,-0.13759011,1,AKP,-116.8,38.8861,40.5017,0,NULL
93,12,bingol,2015,1,1,267184,4.7396154,95.26038,7.5694118,4.033595,0.488,2.1633031,0,-0.13699976,1,AKP,-116.8,38.8861,40.5017,0.003742739,14.25
94,12,bingol,2016,0,0,269560,4.7396154,95.26038,7.5694118,4.0874996,0.458,2.21843,0,-0.13571772,1,AKP,-116.8,38.8861,40.5017,0,NULL
95,12,bingol,2017,0,0,273354,4.7396154,95.26038,7.5694118,4.1201005,0.476,2.209589,0,-0.12954003,1,AKP,-77.2,38.8861,40.5017,0,NULL
96,13,bitlis,2010,1,1,328767,11.959248,88.04076,6.8679743,3.56304,0.13,2.0713758,0,-0.124400266,2,AKP,-86.2,38.4,42.1167,0.003041668,11.58
97,13,bitlis,2011,1,1,336624,11.959248,88.04076,6.8679743,3.692835,0.15,2.0586767,0,-0.14548372,1,AKP,-86.2,38.4,42.1167,0.002970674,11.31
98,13,bitlis,2012,0,0,337253,11.959248,88.04076,6.8679743,3.7916708,0.16,1.9451272,0,-0.14170295,2,AKP,-86.2,38.4,42.1167,0,NULL
99,13,bitlis,2013,0,0,337156,11.959248,88.04076,6.8679743,3.8991551,0.178,1.9961087,1,-0.14252478,3,BDP,0,38.4,42.1167,0,NULL
100,13,bitlis,2014,0,0,338023,11.959248,88.04076,6.8679743,3.907593,0.2,2.047198,1,-0.1443205,3,BDP,0,38.4,42.1167,0,NULL
101,13,bitlis,2015,0,0,340449,11.959248,88.04076,6.8679743,3.9226985,0.212,2.03261,0,-0.14461634,3,BDP,0,38.4,42.1167,0,NULL
102,13,bitlis,2016,1,1,341225,11.959248,88.04076,6.8679743,3.9235806,0.218,2.0836692,0,-0.14596446,4,BDP,0,38.4,42.1167,0.002930618,11.16
103,13,bitlis,2017,0,0,341474,11.959248,88.04076,6.8679743,3.9147038,0.244,2.0967922,0,-0.1404219,1,AKP,-87.62,38.4,42.1167,0,NULL
104,14,bolu,2010,1,1,271208,96.83053,3.1694732,0,4.6458063,1.13,4.4762692,0,-0.11331919,3,AKP,-86.8,40.7333,31.6,0.003687207,14.04
105,14,bolu,2011,1,1,276506,96.83053,3.1694732,0,4.7497406,1.196,4.394118,0,-0.1156988,6,AKP,-86.8,40.7333,31.6,0.003616558,13.77
106,14,bolu,2012,1,1,281080,96.83053,3.1694732,0,4.7559986,1.226,4.383094,0,-0.11128782,4,AKP,-86.8,40.7333,31.6,0.003557706,13.55
107,14,bolu,2013,0,0,283496,96.83053,3.1694732,0,4.8108892,1.328,4.352795,1,-0.114307076,3,AKP,-99.2,40.7333,31.6,0,NULL
108,14,bolu,2014,1,1,284789,96.83053,3.1694732,0,4.8396287,1.426,4.3435664,1,-0.11750242,2,AKP,-99.2,40.7333,31.6,0.003511372,13.37
109,14,bolu,2015,3,3,291095,96.83053,3.1694732,0,4.852601,1.452,4.2494717,0,-0.11432704,3,AKP,-99.2,40.7333,31.6,0.010305914,39.25
110,14,bolu,2016,2,2,299896,96.83053,3.1694732,0,4.8276687,1.432,4.184784,0,-0.10614684,5,AKP,-99.2,40.7333,31.6,0.006668979,25.4
111,14,bolu,2017,4,3,303184,96.83053,3.1694732,0,4.860384,1.418,4.1525936,0,-0.10691166,7,CHP,105.42,40.7333,31.6,0.013193308,50.25
112,15,burdur,2010,0,0,258868,100,0,0,4.445373,1.48,1.966253,0,-0.09406157,3,AKP,-80,37.7167,30.2833,0,NULL
113,15,burdur,2011,1,1,250527,100,0,0,4.5386677,1.534,2.051675,0,-0.08801244,7,AKP,-80,37.7167,30.2833,0.003991586,15.2
114,15,burdur,2012,0,0,254341,100,0,0,4.519039,1.566,2.0523627,0,-0.08096811,10,AKP,-80,37.7167,30.2833,0,NULL
115,15,burdur,2013,2,2,257267,100,0,0,4.530688,1.618,2.0406814,1,-0.08215435,4,CHP,88.8,37.7167,30.2833,0.007774025,29.61
116,15,burdur,2014,2,2,256898,100,0,0,4.569504,1.642,2.0552905,1,-0.08802244,7,CHP,88.8,37.7167,30.2833,0.007785191,29.65
117,15,burdur,2015,0,0,258339,100,0,0,4.6101274,1.6,2.043826,0,-0.0892522,3,CHP,88.8,37.7167,30.2833,0,NULL
118,15,burdur,2016,1,1,261401,100,0,0,4.617891,1.634,2.0313618,0,-0.0908097,5,CHP,88.8,37.7167,30.2833,0.00382554,14.57
119,15,burdur,2017,2,2,264779,100,0,0,4.6216054,1.602,2.0129995,0,-0.098983794,2,CHP,106.28,37.7167,30.2833,0.007553469,28.77
120,16,bursa,2010,12,11,2605495,92.019,6.7922735,0.6931472,4.5811043,1.338,0.6240657,0,-0.08648828,1,AKP,-94.6,40.1833,29.0667,0.004605651,17.54
121,16,bursa,2011,5,4,2652126,92.019,6.7922735,0.6931472,4.7097282,1.404,0.62063414,0,-0.09179683,2,AKP,-94.6,40.1833,29.0667,0.00188528,7.18
122,16,bursa,2012,7,7,2688171,92.019,6.7922735,0.6931472,4.7278438,1.502,0.6175202,0,-0.090711355,3,AKP,-94.6,40.1833,29.0667,0.002604001,9.92
123,16,bursa,2013,4,4,2740970,92.019,6.7922735,0.6931472,4.782153,1.612,0.6125569,1,-0.09083238,2,AKP,-99.2,40.1833,29.0667,0.001459337,5.56
124,16,bursa,2014,8,8,2787539,92.019,6.7922735,0.6931472,4.809549,1.702,0.6059108,1,-0.092168,2,AKP,-99.2,40.1833,29.0667,0.002869915,10.93
125,16,bursa,2015,11,11,2842547,92.019,6.7922735,0.6931472,4.850818,1.784,0.5941854,0,-0.09177977,2,AKP,-99.2,40.1833,29.0667,0.003869769,14.74
126,16,bursa,2016,6,6,2901396,92.019,6.7922735,0.6931472,4.870123,1.826,0.59385204,0,-0.09052646,4,AKP,-99.2,40.1833,29.0667,0.00206797,7.88
127,16,bursa,2017,15,15,2936803,92.019,6.7922735,0.6931472,4.943346,1.844,0.58975697,0,-0.08850315,2,AKP,-99.24,40.1833,29.0667,0.005107595,19.45
128,17,canakkale,2010,3,3,490397,97.75796,2.2420437,0,4.5534596,1.338,1.6252139,0,-0.09021366,3,CHP,78.8,40.15,26.4,0.006117493,23.3
129,17,canakkale,2011,0,0,486445,97.75796,2.2420437,0,4.6661577,1.426,1.642529,0,-0.092130005,1,CHP,78.8,40.15,26.4,0,NULL
130,17,canakkale,2012,3,3,493691,97.75796,2.2420437,0,4.6547985,1.55,1.6366513,0,-0.082659855,1,CHP,78.8,40.15,26.4,0.006076675,23.14
131,17,canakkale,2013,0,0,502328,97.75796,2.2420437,0,4.6574225,1.618,1.6164737,1,-0.08492944,4,CHP,108.8,40.15,26.4,0,NULL
132,17,canakkale,2014,1,1,511790,97.75796,2.2420437,0,4.6914268,1.63,1.594404,1,-0.087540805,2,CHP,108.8,40.15,26.4,0.001953926,7.44
133,17,canakkale,2015,1,1,513341,97.75796,2.2420437,0,4.722859,1.664,1.5895866,0,-0.08691186,1,CHP,108.8,40.15,26.4,0.001948023,7.42
134,17,canakkale,2016,0,0,519793,97.75796,2.2420437,0,4.761159,1.708,1.5833226,0,-0.0821121,1,CHP,108.8,40.15,26.4,0,NULL
135,17,canakkale,2017,0,0,530417,97.75796,2.2420437,0,4.807074,1.732,1.5572653,0,-0.08586681,2,CHP,121.46,40.15,26.4,0,NULL
136,18,cankiri,2010,1,1,179067,100,0,0,4.18777,1.014,3.6410952,0,-0.12265676,1,AKP,-93.8,40.6,33.6167,0.005584502,21.27
137,18,cankiri,2011,1,1,177211,100,0,0,4.3000455,1.03,3.7525887,0,-0.12599665,1,AKP,-93.8,40.6,33.6167,0.005642991,21.49
138,18,cankiri,2012,1,1,184406,100,0,0,4.290793,1.07,3.882737,0,-0.13387217,1,AKP,-93.8,40.6,33.6167,0.005422817,20.65
139,18,cankiri,2013,1,1,190909,100,0,0,4.3249393,1.09,3.7766685,1,-0.12763391,1,AKP,-108.6,40.6,33.6167,0.005238098,19.95
140,18,cankiri,2014,0,0,183550,100,0,0,4.3845615,1.118,3.97167,1,-0.12964682,2,AKP,-108.6,40.6,33.6167,0,NULL
141,18,cankiri,2015,0,0,180945,100,0,0,4.4470396,1.1,4.0288486,0,-0.12918659,4,AKP,-108.6,40.6,33.6167,0,NULL
142,18,cankiri,2016,0,0,183880,100,0,0,4.4788566,1.104,4.0080485,0,-0.1240354,3,AKP,-108.6,40.6,33.6167,0,NULL
143,18,cankiri,2017,0,0,186074,100,0,0,4.4665117,1.086,3.9769125,0,-0.12544575,1,MHP,-46.99,40.6,33.6167,0,NULL
144,19,corum,2010,2,1,535405,100,0,0,4.138444,1.276,2.4149942,0,-0.092127874,7,AKP,-91.4,40.5489,34.9533,0.00373549,14.23
145,19,corum,2011,1,1,534578,100,0,0,4.2089925,1.324,2.4187303,0,-0.09886901,2,AKP,-91.4,40.5489,34.9533,0.001870634,7.12
146,19,corum,2012,2,2,529975,100,0,0,4.205148,1.386,2.4642673,0,-0.09943569,2,AKP,-91.4,40.5489,34.9533,0.003773763,14.37
147,19,corum,2013,3,3,532080,100,0,0,4.232025,1.394,2.463915,1,-0.09896383,5,AKP,-101.4,40.5489,34.9533,0.00563825,21.47
148,19,corum,2014,3,3,527220,100,0,0,4.2612724,1.458,2.4904215,1,-0.10101347,3,AKP,-101.4,40.5489,34.9533,0.005690224,21.67
149,19,corum,2015,3,3,525180,100,0,0,4.3170986,1.446,2.5000951,0,-0.09951115,5,AKP,-101.4,40.5489,34.9533,0.005712327,21.76
150,19,corum,2016,4,4,527863,100,0,0,4.344905,1.468,2.5006487,0,-0.09770043,1,AKP,-101.4,40.5489,34.9533,0.007577724,28.86
151,19,corum,2017,1,1,528422,100,0,0,4.3861046,1.436,2.5131428,0,-0.0950717,12,AKP,-86.56,40.5489,34.9533,0.001892427,7.21
152,20,denizli,2010,3,3,931823,96.826035,3.1739645,0,4.3815317,2.116,1.2588228,0,-0.056118608,12,AKP,-80,37.7731,29.0878,0.003219496,12.26
153,20,denizli,2011,6,6,942278,96.826035,3.1739645,0,4.514135,2.148,1.2533456,0,-0.0606509,4,AKP,-80,37.7731,29.0878,0.006367548,24.25
154,20,denizli,2012,0,0,950557,96.826035,3.1739645,0,4.5297813,2.194,1.2487415,0,-0.057073727,9,AKP,-80,37.7731,29.0878,0,NULL
155,20,denizli,2013,4,4,963464,96.826035,3.1739645,0,4.5824833,2.28,1.2351266,1,-0.05745265,12,AKP,-90.6,37.7731,29.0878,0.004151686,15.81
156,20,denizli,2014,3,3,978700,96.826035,3.1739645,0,4.6204276,2.336,1.2220292,1,-0.058599085,13,AKP,-90.6,37.7731,29.0878,0.003065291,11.67
157,20,denizli,2015,2,2,993442,96.826035,3.1739645,0,4.6312523,2.328,1.2038951,0,-0.060492426,15,AKP,-90.6,37.7731,29.0878,0.002013203,7.67
158,20,denizli,2016,3,2,1005687,96.826035,3.1739645,0,4.677052,2.32,1.1981859,0,-0.058745205,11,AKP,-90.6,37.7731,29.0878,0.002983035,11.36
159,20,denizli,2017,5,5,1018735,96.826035,3.1739645,0,4.741868,2.322,1.191674,0,-0.059099317,2,AKP,-101.12,37.7731,29.0878,0.004908048,18.69
160,21,diyarbakir,2010,7,7,1528958,13.518223,86.48177,7.5299435,3.7504244,0.354,1.1347598,0,-0.095155545,1,DTP,0,37.9108,40.2367,0.004578281,17.44
161,21,diyarbakir,2011,3,3,1570943,13.518223,86.48177,7.5299435,3.8511007,0.372,1.1209828,0,-0.105744764,3,DTP,0,37.9108,40.2367,0.001909681,7.27
162,21,diyarbakir,2012,7,7,1592167,13.518223,86.48177,7.5299435,3.8881574,0.392,1.2216055,0,-0.10279806,6,DTP,0,37.9108,40.2367,0.004396524,16.74
163,21,diyarbakir,2013,10,10,1607437,13.518223,86.48177,7.5299435,3.9431145,0.426,1.223065,1,-0.09982729,1,BDP,0,37.9108,40.2367,0.006221084,23.69
164,21,diyarbakir,2014,4,4,1635048,13.518223,86.48177,7.5299435,3.959482,0.45,1.2036344,1,-0.10052511,2,BDP,0,37.9108,40.2367,0.002446411,9.32
165,21,diyarbakir,2015,7,7,1654196,13.518223,86.48177,7.5299435,4.004107,0.464,1.2114646,0,-0.09839186,1,BDP,0,37.9108,40.2367,0.004231663,16.12
166,21,diyarbakir,2016,3,3,1673119,13.518223,86.48177,7.5299435,4.0304484,0.466,1.2019467,0,-0.09557715,2,BDP,0,37.9108,40.2367,0.001793058,6.83
167,21,diyarbakir,2017,5,5,1699901,13.518223,86.48177,7.5299435,4.0682225,0.47,1.1912458,0,-0.09479064,1,HDP,0,37.9108,40.2367,0.002941348,11.2
168,22,edirne,2010,2,2,390428,78.87033,0,0,4.438927,1.462,0.99890375,0,-0.059556708,2,CHP,114.2,41.6781,26.5594,0.005122583,19.51
169,22,edirne,2011,1,1,399316,78.87033,0,0,4.476826,1.526,0.9766701,0,-0.06701583,2,CHP,114.2,41.6781,26.5594,0.002504282,9.54
170,22,edirne,2012,0,0,399708,78.87033,0,0,4.502176,1.596,0.98071593,0,-0.061539054,9,CHP,114.2,41.6781,26.5594,0,NULL
171,22,edirne,2013,2,2,398582,78.87033,0,0,4.529111,1.612,0.9809776,1,-0.06211579,5,CHP,73.8,41.6781,26.5594,0.005017788,19.11
172,22,edirne,2014,3,3,400280,78.87033,0,0,4.5668097,1.622,0.99180573,1,-0.06655297,6,CHP,73.8,41.6781,26.5594,0.007494754,28.54
173,22,edirne,2015,2,2,402537,78.87033,0,0,4.5807457,1.628,0.98624474,0,-0.061444998,1,CHP,73.8,41.6781,26.5594,0.004968487,18.92
174,22,edirne,2016,2,2,401701,78.87033,0,0,4.6015344,1.65,1.0007443,0,-0.071741104,1,CHP,73.8,41.6781,26.5594,0.004978828,18.96
175,22,edirne,2017,2,2,406855,78.87033,0,0,4.617132,1.632,0.9905249,0,-0.06677821,2,CHP,89.74,41.6781,26.5594,0.004915756,18.72
176,23,elazig,2010,0,0,552646,52.16184,47.83816,5.3375382,4.0908766,1.08,1.69367,0,-0.13999462,1,AKP,-95.6,38.6667,39.2167,0,NULL
177,23,elazig,2011,4,4,558556,52.16184,47.83816,5.3375382,4.171932,1.076,1.6954433,0,-0.15038322,10,AKP,-95.6,38.6667,39.2167,0.007161323,27.27
178,23,elazig,2012,2,2,562703,52.16184,47.83816,5.3375382,4.2104135,1.054,1.7149366,0,-0.14963853,10,AKP,-95.6,38.6667,39.2167,0.003554273,13.54
179,23,elazig,2013,3,3,568239,52.16184,47.83816,5.3375382,4.238261,1.108,1.708788,1,-0.14652725,3,AKP,-111.6,38.6667,39.2167,0.005279469,20.11
180,23,elazig,2014,1,1,568753,52.16184,47.83816,5.3375382,4.248102,1.132,1.6984526,1,-0.14656226,5,AKP,-111.6,38.6667,39.2167,0.001758232,6.7
181,23,elazig,2015,1,1,574304,52.16184,47.83816,5.3375382,4.2946377,1.124,1.682036,0,-0.15082319,9,AKP,-111.6,38.6667,39.2167,0.001741238,6.63
182,23,elazig,2016,4,4,578789,52.16184,47.83816,5.3375382,4.320339,1.114,1.6949182,0,-0.14964724,10,AKP,-111.6,38.6667,39.2167,0.006910981,26.32
183,23,elazig,2017,2,2,583671,52.16184,47.83816,5.3375382,4.360137,1.1,1.6944478,0,-0.14547259,8,AKP,-80.76,38.6667,39.2167,0.003426588,13.05
184,24,erzincan,2010,1,1,224949,74.11515,25.884853,5.0238805,4.3327394,1.05,2.4672258,0,-0.13605244,5,AKP,-102.6,39.7464,39.4914,0.004445452,16.93
185,24,erzincan,2011,0,0,215277,74.11515,25.884853,5.0238805,4.509616,1.068,2.5873642,0,-0.13390444,37,AKP,-102.6,39.7464,39.4914,0,NULL
186,24,erzincan,2012,1,1,217886,74.11515,25.884853,5.0238805,4.5625615,1.076,2.593099,0,-0.12949583,27,AKP,-102.6,39.7464,39.4914,0.004589556,17.48
187,24,erzincan,2013,2,2,219996,74.11515,25.884853,5.0238805,4.567525,1.126,2.5955017,1,-0.13199343,31,AKP,-109.4,39.7464,39.4914,0.009091074,34.62
188,24,erzincan,2014,0,0,223633,74.11515,25.884853,5.0238805,4.5435896,1.168,2.5711768,1,-0.12808624,28,AKP,-109.4,39.7464,39.4914,0,NULL
189,24,erzincan,2015,1,1,222918,74.11515,25.884853,5.0238805,4.5461855,1.146,2.579424,0,-0.1291135,46,AKP,-109.4,39.7464,39.4914,0.004485954,17.08
190,24,erzincan,2016,1,1,226032,74.11515,25.884853,5.0238805,4.5718765,1.13,2.5483117,0,-0.121268034,34,AKP,-109.4,39.7464,39.4914,0.004424152,16.85
191,24,erzincan,2017,0,0,231511,74.11515,25.884853,5.0238805,4.625414,1.216,2.5139194,0,-0.13138482,27,MHP,-42.36,39.7464,39.4914,0,NULL
192,25,erzurum,2010,1,1,769085,89.91422,10.085778,4.727388,3.966271,0.438,1.9490694,0,-0.12461251,37,AKP,-113.6,39.9097,41.2756,0.001300246,4.95
193,25,erzurum,2011,0,0,780847,89.91422,10.085778,4.727388,4.03749,0.47,1.9389201,0,-0.13010335,1,AKP,-113.6,39.9097,41.2756,0,NULL
194,25,erzurum,2012,1,1,778195,89.91422,10.085778,4.727388,4.0680137,0.506,1.9879336,0,-0.13000569,2,AKP,-113.6,39.9097,41.2756,0.001285025,4.89
195,25,erzurum,2013,2,2,766729,89.91422,10.085778,4.727388,4.1279407,0.538,2.0359213,1,-0.12804809,1,AKP,-117.6,39.9097,41.2756,0.002608484,9.93
196,25,erzurum,2014,4,4,763320,89.91422,10.085778,4.727388,4.1578484,0.568,2.0594246,1,-0.14137927,1,AKP,-117.6,39.9097,41.2756,0.005240266,19.96
197,25,erzurum,2015,3,3,762321,89.91422,10.085778,4.727388,4.2106376,0.58,2.0621235,0,-0.13123101,3,AKP,-117.6,39.9097,41.2756,0.00393535,14.99
198,25,erzurum,2016,1,1,762021,89.91422,10.085778,4.727388,4.2625093,0.61,2.0891812,0,-0.12868217,1,AKP,-117.6,39.9097,41.2756,0.0013123,5
199,25,erzurum,2017,0,0,760476,89.91422,10.085778,4.727388,4.3137116,0.604,2.0960557,0,-0.12239158,2,AKP,-125.6,39.9097,41.2756,0,NULL
200,26,eskisehir,2010,7,6,764584,98.23836,1.7616397,0,4.552857,1.864,0.9940046,0,-0.117694914,1,DSP,51.5,39.7767,30.5206,0.009155305,34.87
201,26,eskisehir,2011,2,2,781247,98.23836,1.7616397,0,4.6595516,1.942,0.9740837,0,-0.123453766,2,DSP,51.5,39.7767,30.5206,0.00256001,9.75
202,26,eskisehir,2012,2,2,789750,98.23836,1.7616397,0,4.6924458,1.99,0.97372586,0,-0.12475601,1,DSP,51.5,39.7767,30.5206,0.002532447,9.64
203,26,eskisehir,2013,0,0,799724,98.23836,1.7616397,0,4.7658396,2.014,0.9690843,1,-0.12537271,1,CHP,90.6,39.7767,30.5206,0,NULL
204,26,eskisehir,2014,5,5,812320,98.23836,1.7616397,0,4.7719507,2.054,0.9565196,1,-0.12563664,1,CHP,90.6,39.7767,30.5206,0.00615521,23.44
205,26,eskisehir,2015,3,3,826716,98.23836,1.7616397,0,4.8085685,2.076,0.93986326,0,-0.123563915,1,CHP,90.6,39.7767,30.5206,0.003628816,13.82
206,26,eskisehir,2016,5,3,844842,98.23836,1.7616397,0,4.82583,2.066,0.92443323,0,-0.12332457,3,CHP,90.6,39.7767,30.5206,0.005918266,22.54
207,26,eskisehir,2017,1,0,860620,98.23836,1.7616397,0,4.867423,2.06,0.91097116,0,-0.12080121,4,CHP,104.6,39.7767,30.5206,0.001161953,4.43
208,27,gaziantep,2010,12,12,1700763,73.88096,25.568472,3.9318256,4.0198135,1.08,0.52917427,0,-0.07118794,5,AKP,-105,37.0667,37.3833,0.007055657,26.87
209,27,gaziantep,2011,12,12,1753596,73.88096,25.568472,3.9318256,4.1427894,1.112,0.5177932,0,-0.075817466,5,AKP,-105,37.0667,37.3833,0.006843081,26.06
210,27,gaziantep,2012,4,4,1799558,73.88096,25.568472,3.9318256,4.1694922,1.168,0.519572,0,-0.07405621,2,AKP,-105,37.0667,37.3833,0.002222768,8.47
211,27,gaziantep,2013,9,9,1844438,73.88096,25.568472,3.9318256,4.280359,1.234,0.51506203,1,-0.07170987,5,AKP,-109.4,37.0667,37.3833,0.004879535,18.58
212,27,gaziantep,2014,12,12,1889466,73.88096,25.568472,3.9318256,4.3397803,1.296,0.51337254,1,-0.07063846,1,AKP,-109.4,37.0667,37.3833,0.006351001,24.19
213,27,gaziantep,2015,13,12,1931836,73.88096,25.568472,3.9318256,4.416656,1.328,0.50211304,0,-0.0698681,5,AKP,-109.4,37.0667,37.3833,0.00672935,25.63
214,27,gaziantep,2016,15,15,1974244,73.88096,25.568472,3.9318256,4.4338007,1.332,0.5131078,0,-0.06444614,7,AKP,-109.4,37.0667,37.3833,0.007597845,28.94
215,27,gaziantep,2017,11,11,2005515,73.88096,25.568472,3.9318256,4.493878,1.292,0.51208794,0,-0.06282735,1,AKP,-107.94,37.0667,37.3833,0.005484875,20.89
216,28,giresun,2010,0,0,419256,100,0,2.0794415,4.0056815,1.092,3.3344781,0,-0.0928988,1,CHP,93,40.9,38.4167,0,NULL
217,28,giresun,2011,2,2,419498,100,0,2.0794415,4.0695252,1.152,3.3969173,0,-0.098205835,3,CHP,93,40.9,38.4167,0.004767603,18.16
218,28,giresun,2012,1,1,419555,100,0,2.0794415,4.1035695,1.178,3.5513818,0,-0.095987976,1,CHP,93,40.9,38.4167,0.002383478,9.08
219,28,giresun,2013,0,0,425007,100,0,2.0794415,4.1096416,1.172,3.5834703,1,-0.09507607,2,CHP,92.6,40.9,38.4167,0,NULL
220,28,giresun,2014,3,3,429984,100,0,2.0794415,4.118594,1.172,3.5908313,1,-0.0990147,1,CHP,92.6,40.9,38.4167,0.006977004,26.57
221,28,giresun,2015,6,6,426686,100,0,2.0794415,4.316055,1.186,3.618586,0,-0.09825304,1,CHP,92.6,40.9,38.4167,0.014061863,53.55
222,28,giresun,2016,1,1,444467,100,0,2.0794415,4.198023,1.2,3.5368204,0,-0.09385845,1,CHP,92.6,40.9,38.4167,0.002249886,8.57
223,28,giresun,2017,2,2,437393,100,0,2.0794415,4.281758,1.196,3.612312,0,-0.09327191,4,AKP,-97.68,40.9,38.4167,0.004572547,17.41
224,29,gumushane,2010,0,0,129618,100,0,2.9957323,4.1688194,0.698,3.9269238,0,-0.14733773,4,MHP,-41.8,40.4597,39.4778,0,NULL
225,29,gumushane,2011,0,0,132374,100,0,2.9957323,4.285647,0.708,3.8527203,0,-0.1534325,4,MHP,-41.8,40.4597,39.4778,0,NULL
226,29,gumushane,2012,0,0,135216,100,0,2.9957323,4.2877274,0.654,3.8530943,0,-0.14618811,8,MHP,-41.8,40.4597,39.4778,0,NULL
227,29,gumushane,2013,0,0,141412,100,0,2.9957323,4.3067126,0.654,3.7196279,1,-0.14571565,7,AKP,-115,40.4597,39.4778,0,NULL
228,29,gumushane,2014,1,1,146353,100,0,2.9957323,4.3114843,0.658,3.6418796,1,-0.14623448,11,AKP,-115,40.4597,39.4778,0.006832795,26.02
229,29,gumushane,2015,0,0,151449,100,0,2.9957323,4.3037305,0.644,3.5193365,0,-0.1403149,10,AKP,-115,40.4597,39.4778,0,NULL
230,29,gumushane,2016,0,0,172034,100,0,2.9957323,4.184597,0.6,3.1389143,0,-0.12060195,8,AKP,-115,40.4597,39.4778,0,NULL
231,29,gumushane,2017,0,0,170173,100,0,2.9957323,4.218202,0.616,3.2202523,0,-0.109143764,6,AKP,-98.32,40.4597,39.4778,0,NULL
232,30,hakkari,2010,1,1,251302,14.350801,85.6492,8.323852,3.694077,0.114,1.6633373,0,-0.14519253,7,DTP,0,37.5744,43.7408,0.003979276,15.15
233,30,hakkari,2011,1,1,272165,14.350801,85.6492,8.323852,3.698223,0.126,1.579924,0,-0.17335929,5,DTP,0,37.5744,43.7408,0.003674242,13.99
234,30,hakkari,2012,0,0,279982,14.350801,85.6492,8.323852,3.7870822,0.126,1.7786858,0,-0.16672972,8,DTP,0,37.5744,43.7408,0,NULL
235,30,hakkari,2013,0,0,273041,14.350801,85.6492,8.323852,3.8600848,0.128,1.8202394,1,-0.16634548,10,BDP,0,37.5744,43.7408,0,NULL
236,30,hakkari,2014,0,0,276287,14.350801,85.6492,8.323852,3.8687658,0.132,1.8205706,1,-0.16954392,5,BDP,0,37.5744,43.7408,0,NULL
237,30,hakkari,2015,0,0,278775,14.350801,85.6492,8.323852,3.8974793,0.126,1.8043225,0,-0.1788203,10,BDP,0,37.5744,43.7408,0,NULL
238,30,hakkari,2016,3,3,267813,14.350801,85.6492,8.323852,4.009831,0.132,1.7810935,0,-0.16362609,10,BDP,0,37.5744,43.7408,0.011201846,42.66
239,30,hakkari,2017,0,0,275761,14.350801,85.6492,8.323852,4.0368657,0.14,1.744264,0,-0.16714136,3,HDP,0,37.5744,43.7408,0,NULL
240,31,hatay,2010,2,2,1480571,44.230022,1.4021523,4.1108737,4.0366592,1.15,0.6348902,0,-0.07042895,1,AKP,-101.8,36.2,36.15,0.00135083,5.14
241,31,hatay,2011,1,1,1474223,44.230022,1.4021523,4.1108737,4.1797175,1.19,0.6450856,0,-0.069297835,1,AKP,-101.8,36.2,36.15,0.000678323,2.58
242,31,hatay,2012,2,2,1483674,44.230022,1.4021523,4.1108737,4.1638083,1.238,0.6618705,0,-0.067791685,2,AKP,-101.8,36.2,36.15,0.001348005,5.13
243,31,hatay,2013,2,2,1503066,44.230022,1.4021523,4.1108737,4.2050147,1.296,0.6659721,1,-0.07006943,2,CHP,82.4,36.2,36.15,0.001330614,5.07
244,31,hatay,2014,9,9,1519836,44.230022,1.4021523,4.1108737,4.2285075,1.334,0.67638874,1,-0.06927054,2,CHP,82.4,36.2,36.15,0.005921692,22.55
245,31,hatay,2015,5,5,1533507,44.230022,1.4021523,4.1108737,4.2884345,1.372,0.67035884,0,-0.065653756,1,CHP,82.4,36.2,36.15,0.0032605,12.42
246,31,hatay,2016,0,0,1555165,44.230022,1.4021523,4.1108737,4.332336,1.388,0.68031365,0,-0.06668307,5,CHP,82.4,36.2,36.15,0,NULL
247,31,hatay,2017,6,6,1575226,44.230022,1.4021523,4.1108737,4.4176645,1.404,0.6811721,0,-0.062403575,2,CHP,110.32,36.2,36.15,0.003808977,14.51
248,32,isparta,2010,0,0,448298,96.436104,0,0,4.259366,1.26,1.5503081,0,-0.112201944,1,MHP,-38.7,37.7667,30.55,0,NULL
249,32,isparta,2011,1,1,411245,96.436104,0,0,4.461946,1.226,1.6997167,0,-0.10404074,3,MHP,-38.7,37.7667,30.55,0.002431641,9.26
250,32,isparta,2012,0,0,416663,96.436104,0,0,4.4241343,1.286,1.706415,0,-0.10039747,2,MHP,-38.7,37.7667,30.55,0,NULL
251,32,isparta,2013,1,1,417774,96.436104,0,0,4.4291835,1.36,1.7114516,1,-0.102053225,4,MHP,-44.5,37.7667,30.55,0.002393639,9.12
252,32,isparta,2014,0,0,418780,96.436104,0,0,4.4606776,1.44,1.7264435,1,-0.10852581,2,MHP,-44.5,37.7667,30.55,0,NULL
253,32,isparta,2015,0,0,421766,96.436104,0,0,4.467695,1.504,1.7142206,0,-0.10672572,2,MHP,-44.5,37.7667,30.55,0,NULL
254,32,isparta,2016,2,2,427324,96.436104,0,0,4.5439067,1.554,1.7153261,0,-0.10186046,2,MHP,-44.5,37.7667,30.55,0.004680289,17.82
255,32,isparta,2017,1,1,433830,96.436104,0,0,4.55879,1.534,1.6988221,0,-0.10138446,2,AKP,-76.08,37.7667,30.55,0.00230505,8.78
256,33,mersin,2010,10,9,1647899,83.73286,14.965773,1.9459101,4.2847815,1.644,0.86959213,0,-0.06238386,2,CHP,62,36.8,34.6167,0.006068333,23.11
257,33,mersin,2011,10,9,1667939,83.73286,14.965773,1.9459101,4.3697577,1.688,0.86753774,0,-0.06724237,3,CHP,62,36.8,34.6167,0.005995423,22.83
258,33,mersin,2012,3,3,1682848,83.73286,14.965773,1.9459101,4.4064612,1.786,0.8830269,0,-0.06618868,8,CHP,62,36.8,34.6167,0.001782692,6.79
259,33,mersin,2013,5,5,1705774,83.73286,14.965773,1.9459101,4.4242086,1.856,0.87877995,1,-0.06602843,4,MHP,-32,36.8,34.6167,0.002931221,11.16
260,33,mersin,2014,9,9,1727255,83.73286,14.965773,1.9459101,4.467095,1.914,0.88348275,1,-0.06672171,9,MHP,-32,36.8,34.6167,0.00521058,19.84
261,33,mersin,2015,10,9,1745221,83.73286,14.965773,1.9459101,4.5271597,1.962,0.8743878,0,-0.06584355,2,MHP,-32,36.8,34.6167,0.005729933,21.82
262,33,mersin,2016,8,8,1773852,83.73286,14.965773,1.9459101,4.5583253,2.012,0.86929464,0,-0.06446496,6,MHP,-32,36.8,34.6167,0.004509959,17.18
263,33,mersin,2017,5,5,1793931,83.73286,14.965773,1.9459101,4.6051116,2.02,0.86736894,0,-0.06379816,2,CHP,90.18,36.8,34.6167,0.002787175,10.61
264,34,istanbul,2010,37,36,13255685,87.65423,10.784004,2.9957323,4.986245,1.726,0.23288122,0,-0.046082497,2,AKP,-88.4,41.01,28.9603,0.002791255,10.63
265,34,istanbul,2011,27,24,13624240,87.65423,10.784004,2.9957323,5.0965643,1.756,0.22848982,0,-0.048843563,5,AKP,-88.4,41.01,28.9603,0.001981762,7.55
266,34,istanbul,2012,31,30,13854740,87.65423,10.784004,2.9957323,5.122495,1.804,0.23024611,0,-0.04801953,1,AKP,-88.4,41.01,28.9603,0.002237501,8.52
267,34,istanbul,2013,28,26,14160467,87.65423,10.784004,2.9957323,5.1708393,1.868,0.22760549,1,-0.046464473,1,AKP,-95.8,41.01,28.9603,0.001977336,7.53
268,34,istanbul,2014,46,42,14377018,87.65423,10.784004,2.9957323,5.1870613,1.926,0.22737677,1,-0.04894334,1,AKP,-95.8,41.01,28.9603,0.003199551,12.19
269,34,istanbul,2015,34,31,14657434,87.65423,10.784004,2.9957323,5.246823,1.95,0.22630155,0,-0.047354907,2,AKP,-95.8,41.01,28.9603,0.002319642,8.83
270,34,istanbul,2016,27,26,14804116,87.65423,10.784004,2.9957323,5.2765107,1.954,0.2266937,0,-0.04415655,4,AKP,-95.8,41.01,28.9603,0.001823817,6.95
271,34,istanbul,2017,37,37,15029231,87.65423,10.784004,2.9957323,5.339387,1.936,0.22642542,0,-0.043720037,1,CHP,97.6,41.01,28.9603,0.002461869,9.38
272,35,izmir,2010,15,13,3948848,93.250244,5.1960487,1.609438,4.6284914,2.468,0.44747227,0,-0.049854547,2,CHP,110.4,38.4127,27.1384,0.003798576,14.47
273,35,izmir,2011,20,20,3965232,93.250244,5.1960487,1.609438,4.7580657,2.554,0.44940624,0,-0.053272635,9,CHP,110.4,38.4127,27.1384,0.005043841,19.21
274,35,izmir,2012,15,15,4005459,93.250244,5.1960487,1.609438,4.7837796,2.638,0.45512885,0,-0.051101744,2,CHP,110.4,38.4127,27.1384,0.003744889,14.26
275,35,izmir,2013,16,15,4061074,93.250244,5.1960487,1.609438,4.8309145,2.724,0.45406708,1,-0.049664557,2,CHP,99.2,38.4127,27.1384,0.003939844,15
276,35,izmir,2014,14,13,4113072,93.250244,5.1960487,1.609438,4.851921,2.754,0.45318925,1,-0.051433384,4,CHP,99.2,38.4127,27.1384,0.003403782,12.96
277,35,izmir,2015,19,18,4168415,93.250244,5.1960487,1.609438,4.8763027,2.75,0.44717237,0,-0.051036984,6,CHP,99.2,38.4127,27.1384,0.004558087,17.36
278,35,izmir,2016,19,18,4223545,93.250244,5.1960487,1.609438,4.901576,2.742,0.44630754,0,-0.047436655,8,CHP,99.2,38.4127,27.1384,0.004498591,17.13
279,35,izmir,2017,23,22,4279677,93.250244,5.1960487,1.609438,4.972736,2.704,0.44279042,0,-0.047745496,6,CHP,116.2,38.4127,27.1384,0.005374237,20.47
280,36,kars,2010,1,1,301766,33.109703,65.159454,5.5412636,3.7948122,0.46,1.6171471,0,-0.07830125,4,AKP,-65.4,40.6069,43.0931,0.003313826,12.62
281,36,kars,2011,2,2,305755,33.109703,65.159454,5.5412636,3.8606033,0.444,1.5993197,0,-0.08687709,1,AKP,-65.4,40.6069,43.0931,0.006541185,24.91
282,36,kars,2012,1,1,304821,33.109703,65.159454,5.5412636,3.916722,0.462,1.6501487,0,-0.080963954,4,AKP,-65.4,40.6069,43.0931,0.003280614,12.49
283,36,kars,2013,0,0,300874,33.109703,65.159454,5.5412636,3.9023468,0.458,1.6717962,1,-0.078230575,4,MHP,-28.4,40.6069,43.0931,0,NULL
284,36,kars,2014,1,1,296466,33.109703,65.159454,5.5412636,3.9463208,0.478,1.7000263,1,-0.08221136,2,MHP,-28.4,40.6069,43.0931,0.003373068,12.85
285,36,kars,2015,3,3,292660,33.109703,65.159454,5.5412636,4.0801373,0.484,1.722135,0,-0.08326778,1,MHP,-28.4,40.6069,43.0931,0.010250803,39.04
286,36,kars,2016,0,0,289786,33.109703,65.159454,5.5412636,4.1007047,0.474,1.7564685,0,-0.08319551,1,MHP,-28.4,40.6069,43.0931,0,NULL
287,36,kars,2017,1,1,287654,33.109703,65.159454,5.5412636,4.1850333,0.462,1.7868689,0,-0.08168711,2,HDP,0,40.6069,43.0931,0.003476399,13.24
288,37,kastamonu,2010,2,2,361222,100,0,0,4.2515025,0.99,7.0482974,0,-0.113774836,1,MHP,-49.3,41.3833,33.7833,0.005536761,21.09
289,37,kastamonu,2011,1,1,359759,100,0,0,4.3644905,1.044,7.0797396,0,-0.12289959,1,MHP,-49.3,41.3833,33.7833,0.002779639,10.59
290,37,kastamonu,2012,2,2,359808,100,0,0,4.3742867,1.124,7.1621532,0,-0.11944857,2,MHP,-49.3,41.3833,33.7833,0.00555852,21.17
291,37,kastamonu,2013,1,1,368093,100,0,0,4.3702903,1.21,7.038982,1,-0.12846126,1,AKP,-91.4,41.3833,33.7833,0.002716705,10.35
292,37,kastamonu,2014,1,1,368907,100,0,0,4.4090166,1.222,7.0505576,1,-0.12947428,2,AKP,-91.4,41.3833,33.7833,0.00271071,10.32
293,37,kastamonu,2015,1,1,372633,100,0,0,4.4377966,1.194,7.0042105,0,-0.11457083,2,AKP,-91.4,41.3833,33.7833,0.002683606,10.22
294,37,kastamonu,2016,1,1,376945,100,0,0,4.458226,1.152,6.953269,0,-0.11499326,2,AKP,-91.4,41.3833,33.7833,0.002652907,10.1
295,37,kastamonu,2017,3,3,372373,100,0,0,4.516925,1.08,7.0037303,0,-0.11128296,1,MHP,-49.55,41.3833,33.7833,0.008056438,30.68
296,38,kayseri,2010,4,4,1234651,97.985466,1.5108991,2.0794415,4.3289356,1.482,1.0156716,0,-0.09737393,1,AKP,-121,38.7333,35.4833,0.003239782,12.34
297,38,kayseri,2011,5,5,1255349,97.985466,1.5108991,2.0794415,4.460185,1.532,1.0124675,0,-0.10133074,1,AKP,-121,38.7333,35.4833,0.003982956,15.17
298,38,kayseri,2012,5,5,1274968,97.985466,1.5108991,2.0794415,4.484106,1.568,1.0110058,0,-0.09962909,3,AKP,-121,38.7333,35.4833,0.003921667,14.94
299,38,kayseri,2013,2,2,1295355,97.985466,1.5108991,2.0794415,4.5427604,1.644,1.0020419,1,-0.0974513,3,AKP,-118,38.7333,35.4833,0.001543978,5.88
300,38,kayseri,2014,5,5,1322376,97.985466,1.5108991,2.0794415,4.549368,1.702,0.99366593,1,-0.09648046,1,AKP,-118,38.7333,35.4833,0.003781073,14.4
301,38,kayseri,2015,1,1,1341056,97.985466,1.5108991,2.0794415,4.58063,1.776,0.97982484,0,-0.095449686,3,AKP,-118,38.7333,35.4833,0.000745681,2.84
302,38,kayseri,2016,5,5,1358980,97.985466,1.5108991,2.0794415,4.607557,1.826,0.9875053,0,-0.09180018,2,AKP,-118,38.7333,35.4833,0.00367923,14.01
303,38,kayseri,2017,7,7,1376722,97.985466,1.5108991,2.0794415,4.6627674,1.91,0.9885801,0,-0.08840719,1,AKP,-126.78,38.7333,35.4833,0.005084541,19.36
304,39,kirklareli,2010,0,0,332791,97.83387,2.1661334,0,4.6138206,1.456,0.838364,0,-0.07674372,1,CHP,99.8,41.7347,27.2253,0,NULL
305,39,kirklareli,2011,1,1,340199,97.83387,2.1661334,0,4.674813,1.536,0.82598716,0,-0.08374122,3,CHP,99.8,41.7347,27.2253,0.002939456,11.19
306,39,kirklareli,2012,1,1,341218,97.83387,2.1661334,0,4.705574,1.586,0.8440352,0,-0.080507606,2,CHP,99.8,41.7347,27.2253,0.002930678,11.16
307,39,kirklareli,2013,0,0,340559,97.83387,2.1661334,0,4.7325473,1.622,0.8574138,1,-0.08499092,3,CHP,76,41.7347,27.2253,0,NULL
308,39,kirklareli,2014,0,0,343723,97.83387,2.1661334,0,4.741452,1.652,0.85824925,1,-0.08402157,4,CHP,76,41.7347,27.2253,0,NULL
309,39,kirklareli,2015,3,3,346973,97.83387,2.1661334,0,4.75844,1.726,0.8530923,0,-0.080669194,4,CHP,76,41.7347,27.2253,0.008646206,32.93
310,39,kirklareli,2016,1,1,351684,97.83387,2.1661334,0,4.7741847,1.75,0.8473516,0,-0.075142026,1,CHP,76,41.7347,27.2253,0.002843462,10.83
311,39,kirklareli,2017,0,0,356050,97.83387,2.1661334,0,4.819491,1.768,0.8397697,0,-0.08157769,6,MHP,-37.48,41.7347,27.2253,0,NULL
312,40,kirsehir,2010,0,0,221876,100,0,0,4.191758,1.97,2.1543565,0,-0.11007245,2,AKP,-74.6,39.145,34.1608,0,NULL
313,40,kirsehir,2011,2,2,221015,100,0,0,4.2947774,1.922,2.176323,0,-0.119208276,3,AKP,-74.6,39.145,34.1608,0.00904916,34.46
314,40,kirsehir,2012,0,0,221209,100,0,0,4.268907,1.886,2.1924968,0,-0.12171771,1,AKP,-74.6,39.145,34.1608,0,NULL
315,40,kirsehir,2013,1,1,223498,100,0,0,4.2790422,1.928,2.1700418,1,-0.12250973,1,AKP,-84.4,39.145,34.1608,0.004474313,17.04
316,40,kirsehir,2014,1,1,222707,100,0,0,4.2893653,1.876,2.2002003,1,-0.12569246,1,AKP,-84.4,39.145,34.1608,0.004490205,17.1
317,40,kirsehir,2015,1,1,225562,100,0,0,4.334091,1.862,2.1723518,0,-0.122924864,1,AKP,-84.4,39.145,34.1608,0.004433371,16.88
318,40,kirsehir,2016,0,0,229975,100,0,0,4.3859234,1.856,2.152408,0,-0.12855989,1,AKP,-84.4,39.145,34.1608,0,NULL
319,40,kirsehir,2017,0,0,234529,100,0,0,4.475439,1.808,2.1191409,0,-0.12816462,1,CHP,89.58,39.145,34.1608,0,NULL
320,41,kocaeli,2010,4,4,1560138,95.4914,3.6995463,0.6931472,4.8987656,1.388,0.70442486,0,-0.10474275,1,AKP,-94.4,40.7656,29.9406,0.002563876,9.76
321,41,kocaeli,2011,4,3,1601720,95.4914,3.6995463,0.6931472,5.06984,1.446,0.68988335,0,-0.11161953,3,AKP,-94.4,40.7656,29.9406,0.002497315,9.51
322,41,kocaeli,2012,4,3,1634691,95.4914,3.6995463,0.6931472,5.080679,1.53,0.698603,0,-0.108835936,2,AKP,-94.4,40.7656,29.9406,0.002446946,9.32
323,41,kocaeli,2013,8,8,1676202,95.4914,3.6995463,0.6931472,5.1617513,1.594,0.68965435,1,-0.108412385,4,AKP,-101.2,40.7656,29.9406,0.004772694,18.18
324,41,kocaeli,2014,7,7,1722795,95.4914,3.6995463,0.6931472,5.1781464,1.646,0.68319213,1,-0.10751453,3,AKP,-101.2,40.7656,29.9406,0.004063165,15.47
325,41,kocaeli,2015,11,11,1780055,95.4914,3.6995463,0.6931472,5.220606,1.652,0.66121554,0,-0.10554823,5,AKP,-101.2,40.7656,29.9406,0.006179584,23.53
326,41,kocaeli,2016,10,10,1830772,95.4914,3.6995463,0.6931472,5.236729,1.652,0.6527301,0,-0.10142526,1,AKP,-101.2,40.7656,29.9406,0.005462177,20.8
327,41,kocaeli,2017,8,8,1883270,95.4914,3.6995463,0.6931472,5.3269887,1.664,0.63984454,0,-0.09955317,1,AKP,-111.14,40.7656,29.9406,0.00424793,16.18
328,42,konya,2010,6,6,2013845,94.70968,5.032991,0,4.1748667,1.45,1.5021017,0,-0.10288535,2,AKP,-136,37.8714,32.4847,0.002979375,11.35
329,42,konya,2011,7,6,2038555,94.70968,5.032991,0,4.3085546,1.494,1.4941957,0,-0.105235815,1,AKP,-136,37.8714,32.4847,0.003433805,13.08
330,42,konya,2012,5,5,2052281,94.70968,5.032991,0,4.3156376,1.544,1.50418,0,-0.10298675,5,AKP,-136,37.8714,32.4847,0.002436314,9.28
331,42,konya,2013,8,8,2079225,94.70968,5.032991,0,4.4003887,1.636,1.4899782,1,-0.102677464,4,AKP,-128.6,37.8714,32.4847,0.003847587,14.65
332,42,konya,2014,10,10,2108808,94.70968,5.032991,0,4.4550886,1.708,1.4771378,1,-0.101126835,2,AKP,-128.6,37.8714,32.4847,0.004742015,18.06
333,42,konya,2015,5,5,2130544,94.70968,5.032991,0,4.5075774,1.72,1.4709858,0,-0.09994629,2,AKP,-128.6,37.8714,32.4847,0.002346818,8.94
334,42,konya,2016,10,9,2161303,94.70968,5.032991,0,4.5246987,1.722,1.4625436,0,-0.097467184,2,AKP,-128.6,37.8714,32.4847,0.004626839,17.62
335,42,konya,2017,10,10,2180149,94.70968,5.032991,0,4.5840034,1.7,1.4599919,0,-0.09433521,4,AKP,-141.06,37.8714,32.4847,0.004586842,17.47
336,43,kutahya,2010,3,3,590496,100,0,0,4.208087,1.2,1.9932396,0,-0.15099885,1,AKP,-124,39.4242,29.9833,0.005080475,19.35
337,43,kutahya,2011,1,1,564264,100,0,0,4.345662,1.266,2.0983086,0,-0.14436466,1,AKP,-124,39.4242,29.9833,0.00177222,6.75
338,43,kutahya,2012,0,0,573421,100,0,0,4.3293304,1.372,2.075264,0,-0.14155006,2,AKP,-124,39.4242,29.9833,0,NULL
339,43,kutahya,2013,1,1,572059,100,0,0,4.3748155,1.486,2.1029298,1,-0.14735967,4,AKP,-97.8,39.4242,29.9833,0.001748071,6.66
340,43,kutahya,2014,2,2,571554,100,0,0,4.4046183,1.528,2.1100368,1,-0.14373343,5,AKP,-97.8,39.4242,29.9833,0.003499232,13.33
341,43,kutahya,2015,2,2,571463,100,0,0,4.4447193,1.534,2.1103728,0,-0.14386019,4,AKP,-97.8,39.4242,29.9833,0.003499789,13.33
342,43,kutahya,2016,2,2,573642,100,0,0,4.46659,1.532,2.1232755,0,-0.14451136,1,AKP,-97.8,39.4242,29.9833,0.003486495,13.28
343,43,kutahya,2017,1,1,572256,100,0,0,4.5220056,1.492,2.138903,0,-0.14418888,5,MHP,-38.68,39.4242,29.9833,0.00174747,6.66
344,44,malatya,2010,5,4,740643,62.074455,37.925545,4.204693,3.9656427,0.958,1.235413,0,-0.102835625,3,AKP,-106.2,38.3554,38.3337,0.006750891,25.71
345,44,malatya,2011,2,2,757930,62.074455,37.925545,4.204693,4.0777946,1.004,1.2138324,0,-0.10892251,4,AKP,-106.2,38.3554,38.3337,0.002638766,10.05
346,44,malatya,2012,1,1,762366,62.074455,37.925545,4.204693,4.09874,1.03,1.2251333,0,-0.106465414,2,AKP,-106.2,38.3554,38.3337,0.001311706,5
347,44,malatya,2013,3,3,762538,62.074455,37.925545,4.204693,4.1313863,1.048,1.2235456,1,-0.104867265,7,AKP,-123.6,38.3554,38.3337,0.00393423,14.98
348,44,malatya,2014,2,2,769544,62.074455,37.925545,4.204693,4.135721,1.086,1.2215027,1,-0.10586667,2,AKP,-123.6,38.3554,38.3337,0.002598942,9.9
349,44,malatya,2015,4,4,772904,62.074455,37.925545,4.204693,4.2321362,1.12,1.2161925,0,-0.10464284,7,AKP,-123.6,38.3554,38.3337,0.005175287,19.71
350,44,malatya,2016,2,2,781305,62.074455,37.925545,4.204693,4.2475476,1.13,1.2312733,0,-0.102001995,9,AKP,-123.6,38.3554,38.3337,0.00255982,9.75
351,44,malatya,2017,0,0,786676,62.074455,37.925545,4.204693,4.28401,1.194,1.2304939,0,-0.09954375,1,AKP,-136.94,38.3554,38.3337,0,NULL
352,45,manisa,2010,2,2,1379484,93.19545,5.44364,0,4.318248,1.424,1.1903001,0,-0.07939531,1,MHP,-38.7,38.6131,27.4258,0.001449817,5.52
353,45,manisa,2011,2,2,1340074,93.19545,5.44364,0,4.4384155,1.494,1.2327677,0,-0.07245448,1,MHP,-38.7,38.6131,27.4258,0.001492455,5.68
354,45,manisa,2012,2,2,1346162,93.19545,5.44364,0,4.558568,1.552,1.2524495,0,-0.070346564,5,MHP,-38.7,38.6131,27.4258,0.001485705,5.66
355,45,manisa,2013,2,2,1359463,93.19545,5.44364,0,4.566087,1.622,1.248287,1,-0.07199071,2,MHP,-40.1,38.6131,27.4258,0.001471169,5.6
356,45,manisa,2014,3,3,1367905,93.19545,5.44364,0,4.6059213,1.68,1.2486247,1,-0.07288587,2,MHP,-40.1,38.6131,27.4258,0.002193135,8.35
357,45,manisa,2015,8,8,1380366,93.19545,5.44364,0,4.652464,1.696,1.237353,0,-0.07192984,1,MHP,-40.1,38.6131,27.4258,0.005795564,22.07
358,45,manisa,2016,5,4,1396945,93.19545,5.44364,0,4.681948,1.748,1.2341216,0,-0.07140918,2,MHP,-40.1,38.6131,27.4258,0.003579239,13.63
359,45,manisa,2017,9,9,1413041,93.19545,5.44364,0,4.7319493,1.768,1.2250175,0,-0.07280883,4,MHP,-52.77,38.6131,27.4258,0.006369242,24.26
360,46,kahramanmaras,2010,2,1,1044816,95.26892,4.7310824,5.159055,4.021479,1.204,1.2049968,0,-0.094334856,3,AKP,-130.6,37.5875,36.9453,0.001914213,7.29
361,46,kahramanmaras,2011,6,5,1054210,95.26892,4.7310824,5.159055,4.0945826,1.252,1.2046936,0,-0.10169202,2,AKP,-130.6,37.5875,36.9453,0.005691466,21.68
362,46,kahramanmaras,2012,2,2,1063174,95.26892,4.7310824,5.159055,4.102463,1.294,1.2236943,0,-0.10004158,1,AKP,-130.6,37.5875,36.9453,0.00188116,7.16
363,46,kahramanmaras,2013,0,0,1075706,95.26892,4.7310824,5.159055,4.154016,1.342,1.207579,1,-0.098396435,3,AKP,-117.6,37.5875,36.9453,0,NULL
364,46,kahramanmaras,2014,2,2,1089038,95.26892,4.7310824,5.159055,4.170149,1.356,1.1983052,1,-0.099629536,4,AKP,-117.6,37.5875,36.9453,0.001836483,6.99
365,46,kahramanmaras,2015,5,3,1096610,95.26892,4.7310824,5.159055,4.2310643,1.356,1.190031,0,-0.09937684,2,AKP,-117.6,37.5875,36.9453,0.004559506,17.36
366,46,kahramanmaras,2016,1,1,1112634,95.26892,4.7310824,5.159055,4.2413235,1.34,1.1890702,0,-0.100088954,1,AKP,-117.6,37.5875,36.9453,0.000898768,3.42
367,46,kahramanmaras,2017,1,1,1127623,95.26892,4.7310824,5.159055,4.299322,1.328,1.1785854,0,-0.09572914,2,AKP,-135.2,37.5875,36.9453,0.000886821,3.38
368,47,mardin,2010,0,0,744606,5.6485295,74.41578,6.916715,3.7599597,0.278,1.3322482,0,-0.106708325,2,AKP,-90,37.3167,40.7378,0,NULL
369,47,mardin,2011,1,1,764033,5.6485295,74.41578,6.916715,3.8418536,0.3,1.3284767,0,-0.117427886,1,AKP,-90,37.3167,40.7378,0.001308844,4.98
370,47,mardin,2012,2,2,773026,5.6485295,74.41578,6.916715,3.914484,0.316,1.3958133,0,-0.115302496,6,AKP,-90,37.3167,40.7378,0.002587235,9.85
371,47,mardin,2013,4,1,779738,5.6485295,74.41578,6.916715,3.9714856,0.354,1.4081653,1,-0.11445807,1,AKP,-104.4,37.3167,40.7378,0.005129928,19.54
372,47,mardin,2014,0,0,788996,5.6485295,74.41578,6.916715,3.9993203,0.372,1.4131885,1,-0.11611108,6,AKP,-104.4,37.3167,40.7378,0,NULL
373,47,mardin,2015,1,1,796591,5.6485295,74.41578,6.916715,4.0693417,0.392,1.4172894,0,-0.11661576,3,AKP,-104.4,37.3167,40.7378,0.001255349,4.78
374,47,mardin,2016,2,2,796237,5.6485295,74.41578,6.916715,4.0894184,0.394,1.4304786,0,-0.11556141,5,AKP,-104.4,37.3167,40.7378,0.002511815,9.57
375,47,mardin,2017,0,0,809719,5.6485295,74.41578,6.916715,4.147083,0.394,1.4276558,0,-0.11183494,1,HDP,0,37.3167,40.7378,0,NULL
376,48,mugla,2010,9,9,817503,96.95551,3.044484,0,4.5770826,2.1,1.2978545,0,-0.046528593,4,CHP,92,37.2167,28.3667,0.011009134,41.93
377,48,mugla,2011,2,2,838324,96.95551,3.044484,0,4.668637,2.19,1.269199,0,-0.050266445,4,CHP,92,37.2167,28.3667,0.002385712,9.09
378,48,mugla,2012,2,2,851145,96.95551,3.044484,0,4.6713595,2.262,1.2712288,0,-0.048814476,1,CHP,92,37.2167,28.3667,0.002349776,8.95
379,48,mugla,2013,4,4,866665,96.95551,3.044484,0,4.690169,2.384,1.2334639,1,-0.04919654,3,CHP,98.2,37.2167,28.3667,0.004615393,17.58
380,48,mugla,2014,6,6,894509,96.95551,3.044484,0,4.7009473,2.47,1.2096021,1,-0.049729824,2,CHP,98.2,37.2167,28.3667,0.00670759,25.55
381,48,mugla,2015,8,8,908877,96.95551,3.044484,0,4.741155,2.5,1.1904801,0,-0.050123364,4,CHP,98.2,37.2167,28.3667,0.008802071,33.52
382,48,mugla,2016,7,7,923773,96.95551,3.044484,0,4.7335443,2.508,1.1777785,0,-0.046581686,1,CHP,98.2,37.2167,28.3667,0.007577619,28.86
383,48,mugla,2017,4,4,938751,96.95551,3.044484,0,4.787191,2.532,1.1621826,0,-0.048058063,2,CHP,72.02,37.2167,28.3667,0.004260981,16.23
384,49,mus,2010,0,0,406886,12.41307,87.58693,5.710427,3.7037385,0.18,1.3394415,0,-0.09599559,1,AKP,-101,38.7333,41.4911,0,NULL
385,49,mus,2011,0,0,414706,12.41307,87.58693,5.710427,3.801246,0.176,1.3479428,0,-0.110323295,2,AKP,-101,38.7333,41.4911,0,NULL
386,49,mus,2012,0,0,413260,12.41307,87.58693,5.710427,3.8778276,0.18,1.4567101,0,-0.110103026,1,AKP,-101,38.7333,41.4911,0,NULL
387,49,mus,2013,0,0,412553,12.41307,87.58693,5.710427,3.8999684,0.196,1.47375,1,-0.11149418,3,AKP,-97,38.7333,41.4911,0,NULL
388,49,mus,2014,1,1,411216,12.41307,87.58693,5.710427,3.8826766,0.212,1.4299054,1,-0.109665394,5,AKP,-97,38.7333,41.4911,0.002431812,9.26
389,49,mus,2015,0,0,408728,12.41307,87.58693,5.710427,3.9136527,0.218,1.4386095,0,-0.10923253,2,AKP,-97,38.7333,41.4911,0,NULL
390,49,mus,2016,0,0,406501,12.41307,87.58693,5.710427,3.9346924,0.234,1.4735512,0,-0.1110353,2,AKP,-97,38.7333,41.4911,0,NULL
391,49,mus,2017,4,4,404544,12.41307,87.58693,5.710427,3.9550626,0.248,1.4979829,0,-0.109394014,1,AKP,-69.52,38.7333,41.4911,0.009887676,37.66
392,50,nevsehir,2010,0,0,282337,98.46334,1.536656,0,4.2056675,1.822,1.7213472,0,-0.09379633,1,AKP,-105.6,38.625,34.7122,0,NULL
393,50,nevsehir,2011,4,3,283247,98.46334,1.536656,0,4.3059297,1.902,1.7299389,0,-0.09980464,4,AKP,-105.6,38.625,34.7122,0.01412195,53.78
394,50,nevsehir,2012,0,0,285190,98.46334,1.536656,0,4.2653456,2.034,1.7041271,0,-0.096967265,1,AKP,-105.6,38.625,34.7122,0,NULL
395,50,nevsehir,2013,2,1,285460,98.46334,1.536656,0,4.3238873,2.098,1.7165277,1,-0.094533324,1,AKP,-105,38.625,34.7122,0.007006236,26.68
396,50,nevsehir,2014,0,0,286250,98.46334,1.536656,0,4.3604574,2.114,1.7117904,1,-0.103636965,1,AKP,-105,38.625,34.7122,0,NULL
397,50,nevsehir,2015,1,1,286767,98.46334,1.536656,0,4.4287744,2.016,1.7087042,0,-0.097280964,4,AKP,-105,38.625,34.7122,0.003487152,13.28
398,50,nevsehir,2016,0,0,290895,98.46334,1.536656,0,4.4001474,1.926,1.7153956,0,-0.09070784,6,AKP,-105,38.625,34.7122,0,NULL
399,50,nevsehir,2017,1,1,292365,98.46334,1.536656,0,4.424759,1.812,1.7170318,0,-0.08512807,3,AKP,-103.16,38.625,34.7122,0.003420382,13.03
400,51,nigde,2010,2,2,337931,100,0,0.6931472,4.057916,1.106,1.189592,0,-0.06664352,1,AKP,-79.8,37.9667,34.6792,0.005918368,22.54
401,51,nigde,2011,0,0,337553,100,0,0.6931472,4.1939383,1.156,1.190924,0,-0.07634804,1,AKP,-79.8,37.9667,34.6792,0,NULL
402,51,nigde,2012,1,1,340270,100,0,0.6931472,4.200019,1.252,1.2078643,0,-0.075354636,1,AKP,-79.8,37.9667,34.6792,0.002938843,11.19
403,51,nigde,2013,0,0,343658,100,0,0.6931472,4.216013,1.3,1.204686,1,-0.07217871,3,AKP,-82.2,37.9667,34.6792,0,NULL
404,51,nigde,2014,0,0,343898,100,0,0.6931472,4.279887,1.416,1.2183845,1,-0.0743566,1,AKP,-82.2,37.9667,34.6792,0,NULL
405,51,nigde,2015,0,0,346114,100,0,0.6931472,4.3734016,1.448,1.2105838,0,-0.068863764,1,AKP,-82.2,37.9667,34.6792,0,NULL
406,51,nigde,2016,0,0,351468,100,0,0.6931472,4.3418717,1.478,1.2149043,0,-0.06949444,1,AKP,-82.2,37.9667,34.6792,0,NULL
407,51,nigde,2017,0,0,352727,100,0,0.6931472,4.389203,1.52,1.2304133,0,-0.06763226,1,AKP,-74.26,37.9667,34.6792,0,NULL
408,52,ordu,2010,1,1,719183,99.46681,0.5331909,2.5649493,3.9049017,0.958,2.750343,0,-0.081231326,2,DSP,52.7,40.9833,37.8833,0.001390467,5.3
409,52,ordu,2011,2,2,714390,99.46681,0.5331909,2.5649493,3.987195,0.952,2.8037906,0,-0.08759639,1,DSP,52.7,40.9833,37.8833,0.002799591,10.66
410,52,ordu,2012,1,1,741371,99.46681,0.5331909,2.5649493,4.0076537,0.982,2.758403,0,-0.08694996,2,DSP,52.7,40.9833,37.8833,0.001348852,5.14
411,52,ordu,2013,2,2,731452,99.46681,0.5331909,2.5649493,4.0621123,1.034,2.8204174,1,-0.08867696,5,AKP,-109,40.9833,37.8833,0.002734287,10.41
412,52,ordu,2014,2,2,724268,99.46681,0.5331909,2.5649493,4.1027946,1.082,2.8704844,1,-0.09174737,1,AKP,-109,40.9833,37.8833,0.002761409,10.52
413,52,ordu,2015,0,0,728949,99.46681,0.5331909,2.5649493,4.3040366,1.102,2.853423,0,-0.092997804,2,AKP,-109,40.9833,37.8833,0,NULL
414,52,ordu,2016,2,2,750588,99.46681,0.5331909,2.5649493,4.174966,1.152,2.7751577,0,-0.092999175,3,AKP,-109,40.9833,37.8833,0.002664578,10.15
415,52,ordu,2017,0,0,742341,99.46681,0.5331909,2.5649493,4.262433,1.158,2.8167648,0,-0.09021041,1,AKP,-113.86,40.9833,37.8833,0,NULL
416,53,rize,2010,0,0,319637,92.296585,0,0,4.295877,0.666,3.2130198,0,-0.10376616,1,AKP,-93.6,41.0167,40.5167,0,NULL
417,53,rize,2011,1,1,323012,92.296585,0,0,4.3750787,0.692,3.2011194,0,-0.110274225,1,AKP,-93.6,41.0167,40.5167,0.00309586,11.79
418,53,rize,2012,0,0,324152,92.296585,0,0,4.44791,0.734,3.239221,0,-0.110664725,2,AKP,-93.6,41.0167,40.5167,0,NULL
419,53,rize,2013,0,0,328205,92.296585,0,0,4.4758844,0.764,3.2205482,1,-0.11208917,3,AKP,-135.8,41.0167,40.5167,0,NULL
420,53,rize,2014,1,1,329779,92.296585,0,0,4.5220304,0.808,3.208209,1,-0.11410415,1,AKP,-135.8,41.0167,40.5167,0.003032334,11.55
421,53,rize,2015,0,0,328979,92.296585,0,0,4.5689073,0.824,3.2160108,0,-0.112131834,1,AKP,-135.8,41.0167,40.5167,0,NULL
422,53,rize,2016,1,1,331048,92.296585,0,0,4.587012,0.886,3.2110147,0,-0.108263314,1,AKP,-135.8,41.0167,40.5167,0.00302071,11.5
423,53,rize,2017,0,0,331041,92.296585,0,0,4.642291,0.902,3.2473319,0,-0.10670996,3,AKP,-145.98,41.0167,40.5167,0,NULL
424,54,sakarya,2010,3,3,872872,96.85635,1.5718229,0,4.3690825,1.3,1.4183065,0,-0.10172537,1,AKP,-90.6,40.7778,30.4028,0.00343693,13.09
425,54,sakarya,2011,3,3,888556,96.85635,1.5718229,0,4.480398,1.34,1.4022752,0,-0.1089388,2,AKP,-90.6,40.7778,30.4028,0.003376264,12.86
426,54,sakarya,2012,1,1,902267,96.85635,1.5718229,0,4.5201325,1.37,1.4164321,0,-0.10284929,3,AKP,-90.6,40.7778,30.4028,0.001108319,4.22
427,54,sakarya,2013,3,3,917373,96.85635,1.5718229,0,4.5737014,1.416,1.120591,1,-0.101777464,2,AKP,-116,40.7778,30.4028,0.003270207,12.45
428,54,sakarya,2014,2,2,932706,96.85635,1.5718229,0,4.603193,1.498,1.3959383,1,-0.10315585,1,AKP,-116,40.7778,30.4028,0.002144298,8.17
429,54,sakarya,2015,1,1,953181,96.85635,1.5718229,0,4.6705885,1.522,1.3659525,0,-0.100708246,1,AKP,-116,40.7778,30.4028,0.001049119,4
430,54,sakarya,2016,1,1,976948,96.85635,1.5718229,0,4.680622,1.546,1.3357927,0,-0.09813422,2,AKP,-116,40.7778,30.4028,0.001023596,3.9
431,54,sakarya,2017,3,2,990214,96.85635,1.5718229,0,4.7573857,1.586,1.3290056,0,-0.09470931,2,AKP,-130.08,40.7778,30.4028,0.003029648,11.54
432,55,samsun,2010,2,2,1252693,99.15885,0.42057377,1.3862944,4.1601453,1.15,2.0851078,0,-0.06644544,1,AKP,-96.8,41.2867,36.33,0.00159656,6.08
433,55,samsun,2011,3,3,1251729,99.15885,0.42057377,1.3862944,4.251144,1.2,2.0939038,0,-0.07022995,2,AKP,-96.8,41.2867,36.33,0.002396685,9.13
434,55,samsun,2012,4,4,1251722,99.15885,0.42057377,1.3862944,4.307127,1.26,2.1082957,0,-0.069255605,2,AKP,-96.8,41.2867,36.33,0.003195598,12.17
435,55,samsun,2013,4,4,1261810,99.15885,0.42057377,1.3862944,4.3444147,1.334,2.1049128,1,-0.06843212,2,AKP,-109.8,41.2867,36.33,0.003170049,12.07
436,55,samsun,2014,1,1,1269989,99.15885,0.42057377,1.3862944,4.371438,1.386,2.10553,1,-0.07083377,3,AKP,-109.8,41.2867,36.33,0.000787408,3
437,55,samsun,2015,6,6,1279884,99.15885,0.42057377,1.3862944,4.4373136,1.44,2.094721,0,-0.06789029,2,AKP,-109.8,41.2867,36.33,0.004687925,17.85
438,55,samsun,2016,2,2,1295927,99.15885,0.42057377,1.3862944,4.4397845,1.446,2.0819073,0,-0.064232886,,AKP,-109.8,41.2867,36.33,0.001543297,5.88
439,55,samsun,2017,3,3,1312990,99.15885,0.42057377,1.3862944,4.471231,1.444,2.0655146,0,-0.06346375,,AKP,-94.74,41.2867,36.33,0.002284861,8.7
440,56,siirt,2010,1,1,300695,0,100,7.115582,3.709712,0.16,1.8690035,0,-0.124649145,,DTP,0,37.8417,41.9458,0.003325629,12.67
441,56,siirt,2011,0,0,310468,0,100,7.115582,3.8131597,0.164,1.8745893,0,-0.14796823,,DTP,0,37.8417,41.9458,0,NULL
442,56,siirt,2012,0,0,310879,0,100,7.115582,3.8738222,0.174,2.007212,0,-0.1424568,,DTP,0,37.8417,41.9458,0,NULL
443,56,siirt,2013,0,0,314153,0,100,7.115582,3.915474,0.208,2.0085754,1,-0.1425717,,BDP,0,37.8417,41.9458,0,NULL
444,56,siirt,2014,0,0,318366,0,100,7.115582,3.9159677,0.234,1.9568672,1,-0.14423992,,BDP,0,37.8417,41.9458,0,NULL
445,56,siirt,2015,1,1,320351,0,100,7.115582,3.9155364,0.246,1.9447418,0,-0.14923121,,BDP,0,37.8417,41.9458,0.003121576,11.89
446,56,siirt,2016,0,0,322664,0,100,7.115582,3.9416695,0.26,2.0020826,0,-0.14841604,,BDP,0,37.8417,41.9458,0,NULL
447,56,siirt,2017,1,1,324394,0,100,7.115582,3.9790277,0.264,1.9759922,0,-0.14243114,,HDP,0,37.8417,41.9458,0.003082671,11.74
448,57,sinop,2010,0,0,202740,100,0,0,4.102435,1.354,5.1741147,0,-0.07590629,,CHP,104.2,42.0267,35.1511,0,NULL
449,57,sinop,2011,0,0,203027,100,0,0,4.223087,1.342,5.1668005,0,-0.082409844,,CHP,104.2,42.0267,35.1511,0,NULL
450,57,sinop,2012,1,1,201311,100,0,0,4.259442,1.32,5.379736,0,-0.08322488,,CHP,104.2,42.0267,35.1511,0.004967438,18.92
451,57,sinop,2013,0,0,204568,100,0,0,4.2858686,1.346,5.3380785,1,-0.08321872,,CHP,108.6,42.0267,35.1511,0,NULL
452,57,sinop,2014,0,0,204526,100,0,0,4.2597156,1.342,5.3978467,1,-0.0838989,,CHP,108.6,42.0267,35.1511,0,NULL
453,57,sinop,2015,0,0,204133,100,0,0,4.2876377,1.35,5.408239,0,-0.08319084,,CHP,108.6,42.0267,35.1511,0,NULL
454,57,sinop,2016,0,0,205478,100,0,0,4.325965,1.388,5.4750385,0,-0.08350344,,CHP,108.6,42.0267,35.1511,0,NULL
455,57,sinop,2017,1,1,207427,100,0,0,4.329679,1.42,5.452521,0,-0.07770009,,CHP,113.26,42.0267,35.1511,0.004820973,18.36
456,58,sivas,2010,0,0,642224,100,0,4.836282,4.1408854,0.96,2.0429008,0,-0.1153592,,BBP,-50.8,39.75,37.0167,0,NULL
457,58,sivas,2011,0,0,627056,100,0,4.836282,4.2873635,0.94,2.1002908,0,-0.11584984,,BBP,-50.8,39.75,37.0167,0,NULL
458,58,sivas,2012,0,0,623535,100,0,4.836282,4.3089576,0.978,2.1281884,0,-0.115930825,,BBP,-50.8,39.75,37.0167,0,NULL
459,58,sivas,2013,1,1,623824,100,0,4.836282,4.3358116,0.988,2.1288056,1,-0.115213335,,AKP,-116.6,39.75,37.0167,0.001603016,6.11
460,58,sivas,2014,1,1,623116,100,0,4.836282,4.3357663,1.018,2.1456678,1,-0.11460896,,AKP,-116.6,39.75,37.0167,0.001604838,6.11
461,58,sivas,2015,3,3,618617,100,0,4.836282,4.3890247,1.05,2.1612728,0,-0.11281741,,AKP,-116.6,39.75,37.0167,0.004849527,18.47
462,58,sivas,2016,0,0,621224,100,0,4.836282,4.4154587,1.104,2.1554222,0,-0.11224586,,AKP,-116.6,39.75,37.0167,0,NULL
463,58,sivas,2017,2,2,621301,100,0,4.836282,4.4624977,1.118,2.1648123,0,-0.112320095,,AKP,-98.7,39.75,37.0167,0.003219052,12.26
464,59,tekirdag,2010,4,4,798109,96.51026,2.617305,0.6931472,4.714453,1.582,0.6051805,0,-0.07530621,,CHP,91.2,40.9833,27.5167,0.005011847,19.09
465,59,tekirdag,2011,3,3,829873,96.51026,2.617305,0.6931472,4.836992,1.648,0.5880418,0,-0.08347967,,CHP,91.2,40.9833,27.5167,0.003615011,13.77
466,59,tekirdag,2012,5,5,852321,96.51026,2.617305,0.6931472,4.842928,1.736,0.5807671,0,-0.08176045,,CHP,91.2,40.9833,27.5167,0.005866334,22.34
467,59,tekirdag,2013,1,0,874475,96.51026,2.617305,0.6931472,4.889511,1.796,0.5729152,1,-0.083796084,,CHP,91.6,40.9833,27.5167,0.001143543,4.36
468,59,tekirdag,2014,1,1,906732,96.51026,2.617305,0.6931472,4.9049006,1.86,0.56356233,1,-0.0854153,,CHP,91.6,40.9833,27.5167,0.001102862,4.2
469,59,tekirdag,2015,2,2,937910,96.51026,2.617305,0.6931472,4.9271426,1.89,0.5448284,0,-0.08389118,,CHP,91.6,40.9833,27.5167,0.002132401,8.12
470,59,tekirdag,2016,1,1,972875,96.51026,2.617305,0.6931472,4.9481835,1.928,0.5386098,0,-0.080610186,,CHP,91.6,40.9833,27.5167,0.001027881,3.91
471,59,tekirdag,2017,5,5,1005463,96.51026,2.617305,0.6931472,5.0158367,1.944,0.5281149,0,-0.08148053,,CHP,102.36,40.9833,27.5167,0.004972833,18.94
472,60,tokat,2010,0,0,617802,100,0,3.7841897,3.9223578,0.91,1.8452514,0,-0.10495323,,AKP,-99.2,40.3097,36.5542,0,NULL
473,60,tokat,2011,4,4,608299,100,0,3.7841897,3.9898791,0.946,1.8757223,0,-0.1067501,,AKP,-99.2,40.3097,36.5542,0.006575714,25.04
474,60,tokat,2012,0,0,613990,100,0,3.7841897,4.029463,0.994,1.8746234,0,-0.10638474,,AKP,-99.2,40.3097,36.5542,0,NULL
475,60,tokat,2013,0,0,598708,100,0,3.7841897,4.072265,1.026,1.9308244,1,-0.10691288,,AKP,-104,40.3097,36.5542,0,NULL
476,60,tokat,2014,2,2,597920,100,0,3.7841897,4.0648313,1.046,1.9383864,1,-0.10971795,,AKP,-104,40.3097,36.5542,0.003344929,12.74
477,60,tokat,2015,2,2,593990,100,0,3.7841897,4.1615477,1.034,1.9512113,0,-0.108059004,,AKP,-104,40.3097,36.5542,0.00336706,12.82
478,60,tokat,2016,2,2,602662,100,0,3.7841897,4.1521544,1.04,1.9380682,0,-0.107609466,,AKP,-104,40.3097,36.5542,0.00331861,12.64
479,60,tokat,2017,4,4,602086,100,0,3.7841897,4.1766233,1.042,1.9465657,0,-0.10898855,,AKP,-97.6,40.3097,36.5542,0.006643569,25.3
480,61,trabzon,2010,1,1,763714,99.3354,0.6645989,1.0986123,4.284175,0.76,2.4917705,0,-0.1135055,,AKP,-95.6,41.005,39.7225,0.001309391,4.99
481,61,trabzon,2011,1,1,757353,99.3354,0.6645989,1.0986123,4.382433,0.762,2.5311842,0,-0.11803165,,AKP,-95.6,41.005,39.7225,0.001320388,5.03
482,61,trabzon,2012,0,0,757898,99.3354,0.6645989,1.0986123,4.422197,0.792,2.5755444,0,-0.114780545,,AKP,-95.6,41.005,39.7225,0,NULL
483,61,trabzon,2013,0,0,758237,99.3354,0.6645989,1.0986123,4.4763045,0.816,2.5889003,1,-0.11315477,,AKP,-119,41.005,39.7225,0,NULL
484,61,trabzon,2014,2,2,766782,99.3354,0.6645989,1.0986123,4.5072975,0.83,2.6004784,1,-0.11428264,,AKP,-119,41.005,39.7225,0.002608303,9.93
485,61,trabzon,2015,4,4,768417,99.3354,0.6645989,1.0986123,4.564262,0.828,2.6092603,0,-0.11087081,,AKP,-119,41.005,39.7225,0.005205507,19.83
486,61,trabzon,2016,5,5,779379,99.3354,0.6645989,1.0986123,4.5725417,0.848,2.5956564,0,-0.1019201,,AKP,-119,41.005,39.7225,0.006415364,24.43
487,61,trabzon,2017,4,4,786326,99.3354,0.6645989,1.0986123,4.5946198,0.846,2.5803547,0,-0.09805301,,AKP,-129.22,41.005,39.7225,0.005086949,19.37
488,62,tunceli,2010,0,0,76699,12.5,87.5,7.501082,4.420698,1.162,1.5254437,0,-0.11536272,,DTP,0,39.1061,39.5481,0,NULL
489,62,tunceli,2011,0,0,85062,12.5,87.5,7.501082,4.3846464,1.272,1.3754673,0,-0.118716806,,DTP,0,39.1061,39.5481,0,NULL
490,62,tunceli,2012,0,0,86276,12.5,87.5,7.501082,4.4422865,1.246,1.3908851,0,-0.10352543,,DTP,0,39.1061,39.5481,0,NULL
491,62,tunceli,2013,0,0,85428,12.5,87.5,7.501082,4.5048785,1.272,1.5217493,1,-0.102878004,,BDP,0,39.1061,39.5481,0,NULL
492,62,tunceli,2014,1,1,86527,12.5,87.5,7.501082,4.516808,1.346,1.063252,1,-0.110890836,,BDP,0,39.1061,39.5481,0.011557086,44.01
493,62,tunceli,2015,0,0,86076,12.5,87.5,7.501082,4.5611196,1.378,1.0688229,0,-0.11812487,,BDP,0,39.1061,39.5481,0,NULL
494,62,tunceli,2016,0,0,82193,12.5,87.5,7.501082,4.6525555,1.374,1.1193167,0,-0.11256346,,BDP,0,39.1061,39.5481,0,NULL
495,62,tunceli,2017,0,0,82498,12.5,87.5,7.501082,4.691852,1.466,1.1151786,0,-0.119231224,,TKP,65.54,39.1061,39.5481,0,NULL
496,63,sanliurfa,2010,5,5,1663371,17.453814,60.255898,4.4188404,3.5822623,0.54,0.9504795,0,-0.076853596,,IND,44,37.1583,38.7917,0.003005944,11.45
497,63,sanliurfa,2011,3,3,1716254,17.453814,60.255898,4.4188404,3.6393087,0.528,0.94042027,0,-0.0861543,,IND,44,37.1583,38.7917,0.001747993,6.66
498,63,sanliurfa,2012,4,3,1762075,17.453814,60.255898,4.4188404,3.6479623,0.496,0.99598485,0,-0.08375029,,IND,44,37.1583,38.7917,0.002270051,8.65
499,63,sanliurfa,2013,2,2,1801980,17.453814,60.255898,4.4188404,3.674466,0.454,1.0050056,1,-0.08405486,,AKP,-123.4,37.1583,38.7917,0.00110989,4.23
500,63,sanliurfa,2014,7,7,1845667,17.453814,60.255898,4.4188404,3.686262,0.456,1.0018059,1,-0.08492141,,AKP,-123.4,37.1583,38.7917,0.003792667,14.44
501,63,sanliurfa,2015,2,2,1892320,17.453814,60.255898,4.4188404,3.7574394,0.47,1.0051154,0,-0.08547125,,AKP,-123.4,37.1583,38.7917,0.001056904,4.03
502,63,sanliurfa,2016,7,7,1940627,17.453814,60.255898,4.4188404,3.7610903,0.488,1.0074064,0,-0.086802185,,AKP,-123.4,37.1583,38.7917,0.003607082,13.74
503,63,sanliurfa,2017,9,9,1985753,17.453814,60.255898,4.4188404,3.81263,0.514,1.0041531,0,-0.08449792,,AKP,-121.62,37.1583,38.7917,0.004532286,17.26
504,64,usak,2010,1,1,338019,100,0,0,4.2693286,2.18,1.573876,0,-0.077218354,,MHP,-39.6,38.6833,29.4,0.002958414,11.27
505,64,usak,2011,1,1,339731,100,0,0,4.4160595,2.184,1.5777189,0,-0.084235504,,MHP,-39.6,38.6833,29.4,0.002943505,11.21
506,64,usak,2012,1,1,342269,100,0,0,4.444972,2.21,1.5893931,0,-0.08014876,,MHP,-39.6,38.6833,29.4,0.002921679,11.13
507,64,usak,2013,5,5,346508,100,0,0,4.4827113,2.284,1.5786071,1,-0.07995497,,AKP,-86.6,38.6833,29.4,0.014429681,54.96
508,64,usak,2014,2,2,349459,100,0,0,4.5015244,2.232,1.5681381,1,-0.080160886,,AKP,-86.6,38.6833,29.4,0.005723132,21.8
509,64,usak,2015,2,2,353048,100,0,0,4.5054,2.254,1.5521969,0,-0.079916224,,AKP,-86.6,38.6833,29.4,0.005664952,21.57
510,64,usak,2016,1,1,358736,100,0,0,4.5456824,2.22,1.5415236,0,-0.077524066,,AKP,-86.6,38.6833,29.4,0.002787565,10.62
511,64,usak,2017,2,2,364971,100,0,0,4.6128798,2.166,1.5234087,0,-0.07370725,,AKP,-78.22,38.6833,29.4,0.005479887,20.87
512,65,van,2010,4,1,1035418,22.318968,77.20453,6.951772,3.4645302,0.172,1.2362157,0,-0.090113595,,DTP,0,38.5019,43.4167,0.003863174,14.71
513,65,van,2011,3,3,1022532,22.318968,77.20453,6.951772,3.591211,0.2,1.2654861,0,-0.10095531,,DTP,0,38.5019,43.4167,0.002933894,11.17
514,65,van,2012,2,2,1051975,22.318968,77.20453,6.951772,3.698391,0.214,1.2833004,0,-0.09862174,,DTP,0,38.5019,43.4167,0.001901186,7.24
515,65,van,2013,1,1,1070113,22.318968,77.20453,6.951772,3.7255044,0.22,1.2652869,1,-0.09838072,,BDP,0,38.5019,43.4167,0.000934481,3.56
516,65,van,2014,3,3,1085542,22.318968,77.20453,6.951772,3.7052822,0.242,1.2592788,1,-0.099044204,,BDP,0,38.5019,43.4167,0.002763596,10.53
517,65,van,2015,0,0,1096397,22.318968,77.20453,6.951772,3.6999066,0.256,1.2468112,0,-0.09742439,,BDP,0,38.5019,43.4167,0,NULL
518,65,van,2016,4,4,1100190,22.318968,77.20453,6.951772,3.789553,0.266,1.2670538,0,-0.09569271,,BDP,0,38.5019,43.4167,0.003635736,13.85
519,65,van,2017,2,2,1106891,22.318968,77.20453,6.951772,3.8136373,0.278,1.2720313,0,-0.092794016,,HDP,0,38.5019,43.4167,0.001806863,6.88
520,66,yozgat,2010,0,0,476096,97.34388,1.3280612,0,4.003506,1.386,1.9869943,0,-0.10655758,,AKP,-109.4,39.8208,34.8083,0,NULL
521,66,yozgat,2011,1,1,465696,97.34388,1.3280612,0,4.1011133,1.37,2.0528414,0,-0.116007924,,AKP,-109.4,39.8208,34.8083,0.002147324,8.18
522,66,yozgat,2012,2,2,453211,97.34388,1.3280612,0,4.092907,1.36,2.1204252,0,-0.119825825,,AKP,-109.4,39.8208,34.8083,0.004412956,16.81
523,66,yozgat,2013,0,0,444211,97.34388,1.3280612,0,4.150526,1.382,2.172391,1,-0.11970933,,AKP,-112.4,39.8208,34.8083,0,NULL
524,66,yozgat,2014,2,2,432560,97.34388,1.3280612,0,4.1848283,1.424,2.2401516,1,-0.12523186,,AKP,-112.4,39.8208,34.8083,0.004623636,17.61
525,66,yozgat,2015,0,0,419440,97.34388,1.3280612,0,4.2639766,1.456,2.310223,0,-0.12706292,,AKP,-112.4,39.8208,34.8083,0,NULL
526,66,yozgat,2016,1,1,421041,97.34388,1.3280612,0,4.2882795,1.478,2.318064,0,-0.12805606,,AKP,-112.4,39.8208,34.8083,0.002375066,9.05
527,66,yozgat,2017,6,6,418650,97.34388,1.3280612,0,4.3052883,1.478,2.3456347,0,-0.1224964,,AKP,-81.72,39.8208,34.8083,0.014331781,54.58
528,67,zonguldak,2010,1,1,619703,99.40778,0,0,4.061021,1.796,2.312398,0,-0.10379748,,CHP,91.6,41.4304,31.78,0.001613676,6.15
529,67,zonguldak,2011,6,6,612406,99.40778,0,0,4.225399,1.772,2.3628116,0,-0.10855523,,CHP,91.6,41.4304,31.78,0.009797422,37.31
530,67,zonguldak,2012,0,0,606527,99.40778,0,0,4.2266345,1.754,2.4137425,0,-0.106579274,,CHP,91.6,41.4304,31.78,0,NULL
531,67,zonguldak,2013,3,3,601567,99.40778,0,0,4.3065844,1.722,2.4452803,1,-0.10720639,,CHP,79.8,41.4304,31.78,0.004986976,18.99
532,67,zonguldak,2014,5,5,598796,99.40778,0,0,4.3358145,1.668,2.4682863,1,-0.11056648,,CHP,79.8,41.4304,31.78,0.008350089,31.8
533,67,zonguldak,2015,1,1,595907,99.40778,0,0,4.3686843,1.666,2.4802527,0,-0.10951279,,CHP,79.8,41.4304,31.78,0.001678114,6.39
534,67,zonguldak,2016,4,3,597524,99.40778,0,0,4.412687,1.692,2.5053387,0,-0.10688239,,CHP,79.8,41.4304,31.78,0.006694292,25.5
535,67,zonguldak,2017,4,4,596892,99.40778,0,0,4.4924755,1.716,2.5146928,0,-0.10375255,,AKP,-85.04,41.4304,31.78,0.00670138,25.52
536,68,aksaray,2010,1,1,377505,100,0,0.6931472,4.0842037,2.354,1.4966689,0,-0.08098957,,AKP,-116.4,38.3686,34.0297,0.002648972,10.09
537,68,aksaray,2011,0,0,378823,100,0,0.6931472,4.172206,2.384,1.4967412,0,-0.090812534,,AKP,-116.4,38.3686,34.0297,0,NULL
538,68,aksaray,2012,3,3,379915,100,0,0.6931472,4.171347,2.346,1.5292895,0,-0.0881062,,AKP,-116.4,38.3686,34.0297,0.007896503,30.07
539,68,aksaray,2013,2,2,382806,100,0,0.6931472,4.22324,2.358,1.51774,1,-0.08703795,,AKP,-113.8,38.3686,34.0297,0.005224579,19.9
540,68,aksaray,2014,0,0,384252,100,0,0.6931472,4.3196316,2.206,1.519836,1,-0.08603737,,AKP,-113.8,38.3686,34.0297,0,NULL
541,68,aksaray,2015,4,4,386514,100,0,0.6931472,4.400545,2.076,1.5109414,0,-0.08931373,,AKP,-113.8,38.3686,34.0297,0.010348914,39.41
542,68,aksaray,2016,1,1,396673,100,0,0.6931472,4.383645,2.016,1.5024971,0,-0.07932803,,AKP,-113.8,38.3686,34.0297,0.002520968,9.6
543,68,aksaray,2017,2,2,402404,100,0,0.6931472,4.446467,2.022,1.4860687,0,-0.07758643,,AKP,-80.94,38.3686,34.0297,0.00497013,18.93
544,69,bayburt,2010,0,0,74412,94.37827,5.621731,0.6931472,4.010104,0.578,3.2118475,0,-0.16704431,,AKP,-69.8,40.2546,40.226,0,NULL
545,69,bayburt,2011,0,0,76724,94.37827,5.621731,0.6931472,4.0345373,0.618,3.1411293,0,-0.18452865,,AKP,-69.8,40.2546,40.226,0,NULL
546,69,bayburt,2012,0,0,75797,94.37827,5.621731,0.6931472,4.1610518,0.568,3.2191248,0,-0.17880629,,AKP,-69.8,40.2546,40.226,0,NULL
547,69,bayburt,2013,0,0,75620,94.37827,5.621731,0.6931472,4.1987534,0.612,3.2398837,1,-0.17255689,,AKP,-104.2,40.2546,40.226,0,NULL
548,69,bayburt,2014,0,0,80607,94.37827,5.621731,0.6931472,4.1505184,0.598,3.0890617,1,-0.17446996,,AKP,-104.2,40.2546,40.226,0,NULL
549,69,bayburt,2015,0,0,78550,94.37827,5.621731,0.6931472,4.2496467,0.636,3.1699555,0,-0.16923553,,AKP,-104.2,40.2546,40.226,0,NULL
550,69,bayburt,2016,1,1,90154,94.37827,5.621731,0.6931472,4.1758003,0.652,2.795217,0,-0.15545005,,AKP,-104.2,40.2546,40.226,0.011092131,42.24
551,69,bayburt,2017,0,0,80417,94.37827,5.621731,0.6931472,4.286869,0.654,3.1212306,0,-0.15681246,,MHP,-56.49,40.2546,40.226,0,NULL
552,70,karaman,2010,2,2,232633,100,0,0,4.242366,1.494,2.1321137,0,-0.092114344,,AKP,-98.8,37.1833,33.2167,0.008597233,32.74
553,70,karaman,2011,1,1,234005,100,0,0,4.375859,1.6,2.1324332,0,-0.09457375,,AKP,-98.8,37.1833,33.2167,0.004273413,16.28
554,70,karaman,2012,0,0,235424,100,0,0,4.4883213,1.69,2.1110847,0,-0.088458374,,AKP,-98.8,37.1833,33.2167,0,NULL
555,70,karaman,2013,0,0,237939,100,0,0,4.599569,1.784,2.0929735,1,-0.08424713,,AKP,-104.8,37.1833,33.2167,0,NULL
556,70,karaman,2014,3,3,240362,100,0,0,4.6101985,1.866,2.063554,1,-0.08812329,,AKP,-104.8,37.1833,33.2167,0.012481174,47.53
557,70,karaman,2015,5,4,242196,100,0,0,4.668018,1.9,2.047928,0,-0.08683057,,AKP,-104.8,37.1833,33.2167,0.020644437,78.62
558,70,karaman,2016,2,2,245610,100,0,0,4.6483364,1.832,2.0438907,0,-0.0725698,,AKP,-104.8,37.1833,33.2167,0.008142991,31.01
559,70,karaman,2017,0,0,246672,100,0,0,4.734858,1.778,2.043199,0,-0.07787372,,MHP,-39.57,37.1833,33.2167,0,NULL
560,71,kirikkale,2010,0,0,276647,100,0,0,4.207788,1.82,1.2506913,0,-0.16138142,,AKP,-63.6,39.8417,33.5139,0,NULL
561,71,kirikkale,2011,2,2,274992,100,0,0,4.372667,1.906,1.2727643,0,-0.16964658,,AKP,-63.6,39.8417,33.5139,0.007272939,27.7
562,71,kirikkale,2012,0,0,274727,100,0,0,4.3614044,1.978,1.284912,0,-0.17349824,,AKP,-63.6,39.8417,33.5139,0,NULL
563,71,kirikkale,2013,1,1,274658,100,0,0,4.4126225,2.056,1.2852347,1,-0.17462158,,AKP,-88.6,39.8417,33.5139,0.003640892,13.87
564,71,kirikkale,2014,1,1,271092,100,0,0,4.4002967,2.084,1.3095186,1,-0.17896569,,AKP,-88.6,39.8417,33.5139,0.003688785,14.05
565,71,kirikkale,2015,4,4,270271,100,0,0,4.4523687,2.096,1.3134965,0,-0.17424926,,AKP,-88.6,39.8417,33.5139,0.01479996,56.37
566,71,kirikkale,2016,1,1,277984,100,0,0,4.445763,2.046,1.3022332,0,-0.17578927,,AKP,-88.6,39.8417,33.5139,0.003597329,13.7
567,71,kirikkale,2017,0,0,278749,100,0,0,4.632452,1.952,1.3058343,0,-0.1700803,,AKP,-84.06,39.8417,33.5139,0,NULL
568,72,batman,2010,1,1,510200,2.225303,73.296364,6.4002576,3.7975702,0.226,1.1779695,0,-0.12829666,,DTP,0,37.8833,41.1333,0.001960016,7.46
569,72,batman,2011,0,0,524499,2.225303,73.296364,6.4002576,3.9004476,0.224,1.1515751,0,-0.13544339,,DTP,0,37.8833,41.1333,0,NULL
570,72,batman,2012,1,1,534205,2.225303,73.296364,6.4002576,3.8856046,0.232,1.1587312,0,-0.13526523,,DTP,0,37.8833,41.1333,0.001871941,7.13
571,72,batman,2013,4,4,547581,2.225303,73.296364,6.4002576,3.8852813,0.256,1.170603,1,-0.13258313,,BDP,0,37.8833,41.1333,0.007304855,27.82
572,72,batman,2014,6,6,557593,2.225303,73.296364,6.4002576,3.8770971,0.286,1.1549643,1,-0.12890695,,BDP,0,37.8833,41.1333,0.010760537,40.98
573,72,batman,2015,0,0,566633,2.225303,73.296364,6.4002576,3.8726332,0.32,1.1365381,0,-0.128984,,BDP,0,37.8833,41.1333,0,NULL
574,72,batman,2016,3,3,576899,2.225303,73.296364,6.4002576,3.9065552,0.356,1.1544482,0,-0.1263626,,BDP,0,37.8833,41.1333,0.005200217,19.8
575,72,batman,2017,1,1,585252,2.225303,73.296364,6.4002576,3.994557,0.364,1.16531,0,-0.122702405,,HDP,0,37.8833,41.1333,0.001708666,6.51
576,73,sirnak,2010,0,0,430109,0,100,8.266935,3.6819735,0.146,1.0787963,0,-0.11431019,,DTP,0,37.5164,42.4611,0,NULL
577,73,sirnak,2011,0,0,457997,0,100,8.266935,3.7518873,0.156,1.0327579,0,-0.13597125,,DTP,0,37.5164,42.4611,0,NULL
578,73,sirnak,2012,0,0,466982,0,100,8.266935,3.8586059,0.162,1.0771294,0,-0.13015383,,DTP,0,37.5164,42.4611,0,NULL
579,73,sirnak,2013,1,1,475255,0,100,8.266935,3.9254932,0.168,1.071004,1,-0.12926722,,BDP,0,37.5164,42.4611,0.002104134,8.01
580,73,sirnak,2014,1,1,488966,0,100,8.266935,3.9046876,0.17,1.0573332,1,-0.13448337,,BDP,0,37.5164,42.4611,0.002045132,7.79
581,73,sirnak,2015,0,0,490184,0,100,8.266935,3.9803026,0.18,1.054706,0,-0.13984856,,BDP,0,37.5164,42.4611,0,NULL
582,73,sirnak,2016,0,0,483788,0,100,8.266935,4.0379734,0.192,1.076918,0,-0.13303077,,BDP,0,37.5164,42.4611,0,NULL
583,73,sirnak,2017,0,0,503236,0,100,8.266935,4.0903926,0.19,1.0571581,0,-0.14330561,,AKP,-123.44,37.5164,42.4611,0,NULL
584,74,bartin,2010,0,0,187758,100,0,0,4.021459,1.5,3.9785256,0,-0.09318988,,MHP,-39.9,41.6344,32.3375,0,NULL
585,74,bartin,2011,3,3,187291,100,0,0,4.1590323,1.47,4.084553,0,-0.0996546,,MHP,-39.9,41.6344,32.3375,0.016017855,61
586,74,bartin,2012,1,1,188436,100,0,0,4.2071657,1.538,4.112802,0,-0.098332524,,MHP,-39.9,41.6344,32.3375,0.005306842,20.21
587,74,bartin,2013,0,0,189139,100,0,0,4.2510943,1.532,4.150387,1,-0.098001525,,MHP,-45.9,41.6344,32.3375,0,NULL
588,74,bartin,2014,0,0,189405,100,0,0,4.2670674,1.568,4.1815157,1,-0.09137505,,MHP,-45.9,41.6344,32.3375,0,NULL
589,74,bartin,2015,0,0,190708,100,0,0,4.300877,1.49,4.152946,0,-0.09429538,,MHP,-45.9,41.6344,32.3375,0,NULL
590,74,bartin,2016,1,1,192389,100,0,0,4.3261414,1.454,4.1426487,0,-0.09143011,,MHP,-45.9,41.6344,32.3375,0.005197802,19.8
591,74,bartin,2017,0,0,193577,100,0,0,4.354667,1.428,4.1327224,0,-0.089724705,,MHP,-35.76,41.6344,32.3375,0,NULL
592,75,ardahan,2010,1,0,105454,16.666666,83.333336,4.0253515,3.9871113,0.422,2.512944,0,-0.09976504,,AKP,-73.8,41.1167,42.7,0.009482808,36.12
593,75,ardahan,2011,0,0,107455,16.666666,83.333336,4.0253515,4.0062213,0.42,2.4661486,0,-0.11539549,,AKP,-73.8,41.1167,42.7,0,NULL
594,75,ardahan,2012,1,1,106643,16.666666,83.333336,4.0253515,4.091025,0.454,2.559943,0,-0.11155471,,AKP,-73.8,41.1167,42.7,0.009377081,35.71
595,75,ardahan,2013,0,0,102782,16.666666,83.333336,4.0253515,4.07247,0.524,2.6561072,1,-0.11021851,,AKP,-68.6,41.1167,42.7,0,NULL
596,75,ardahan,2014,0,0,100809,16.666666,83.333336,4.0253515,4.060781,0.58,2.727931,1,-0.11655581,,AKP,-68.6,41.1167,42.7,0,NULL
597,75,ardahan,2015,2,2,99265,16.666666,83.333336,4.0253515,4.2304683,0.598,2.760288,0,-0.11345126,,AKP,-68.6,41.1167,42.7,0.020148088,76.73
598,75,ardahan,2016,0,0,98335,16.666666,83.333336,4.0253515,4.263988,0.614,2.7965627,0,-0.11393987,,AKP,-68.6,41.1167,42.7,0,NULL
599,75,ardahan,2017,0,0,97096,16.666666,83.333336,4.0253515,4.326352,0.614,2.8631458,0,-0.1133662,,CHP,102.4,41.1167,42.7,0,NULL
600,76,igdir,2010,1,1,184418,35.043762,61.60181,5.521461,3.8966506,1.196,1.1983646,0,-0.061945602,,DTP,0,39.9167,44.0333,0.005422464,20.65
601,76,igdir,2011,2,2,188857,35.043762,61.60181,5.521461,3.951973,1.212,1.1701976,0,-0.06824656,,DTP,0,39.9167,44.0333,0.010590023,40.33
602,76,igdir,2012,0,0,190409,35.043762,61.60181,5.521461,4.05852,1.17,1.2604446,0,-0.065254554,,DTP,0,39.9167,44.0333,0,NULL
603,76,igdir,2013,5,5,190424,35.043762,61.60181,5.521461,4.049507,1.128,1.2708482,1,-0.060740173,,BDP,0,39.9167,44.0333,0.026257194,100
604,76,igdir,2014,1,1,192056,35.043762,61.60181,5.521461,4.034132,1.128,1.2652559,1,-0.05917731,,BDP,0,39.9167,44.0333,0.005206815,19.83
605,76,igdir,2015,2,2,192435,35.043762,61.60181,5.521461,4.132383,1.096,1.29914,0,-0.056744352,,BDP,0,39.9167,44.0333,0.01039312,39.58
606,76,igdir,2016,3,3,192785,35.043762,61.60181,5.521461,4.1370173,1.016,1.3071556,0,-0.052039236,,BDP,0,39.9167,44.0333,0.015561377,59.27
607,76,igdir,2017,0,0,194775,35.043762,61.60181,5.521461,4.2690206,1.064,1.3194712,0,-0.04883343,,HDP,0,39.9167,44.0333,0,NULL
608,77,yalova,2010,1,1,203741,66.666664,16.666666,0,4.4765053,1.94,0.7313206,0,-0.07465795,,DP,35.4,40.6556,29.275,0.004908192,18.69
609,77,yalova,2011,1,1,206535,66.666664,16.666666,0,4.6544166,1.838,0.7262691,0,-0.07996845,,DP,35.4,40.6556,29.275,0.004841794,18.44
610,77,yalova,2012,0,0,211799,66.666664,16.666666,0,4.6367564,1.868,0.73182595,0,-0.078909725,,DP,35.4,40.6556,29.275,0,NULL
611,77,yalova,2013,1,1,220122,66.666664,16.666666,0,4.68419,1.876,0.71324086,1,-0.07949245,,CHP,96,40.6556,29.275,0.004542935,17.3
612,77,yalova,2014,0,0,226514,66.666664,16.666666,0,4.754819,1.864,0.70635813,1,-0.08459899,,CHP,96,40.6556,29.275,0,NULL
613,77,yalova,2015,2,2,233009,66.666664,16.666666,0,4.8092713,1.812,0.6952521,0,-0.07924342,,CHP,96,40.6556,29.275,0.008583359,32.69
614,77,yalova,2016,3,3,241665,66.666664,16.666666,0,4.8374834,1.814,0.6744874,0,-0.07669413,,CHP,96,40.6556,29.275,0.012413879,47.28
615,77,yalova,2017,1,0,251203,66.666664,16.666666,0,4.893187,1.72,0.6608201,0,-0.07830188,,CHP,91.82,40.6556,29.275,0.003980844,15.16
616,78,karabuk,2010,0,0,227610,100,0,0,4.1660843,1.388,3.9848864,0,-0.13443653,,MHP,-31,41.2,32.6333,0,NULL
617,78,karabuk,2011,0,0,219728,100,0,0,4.387465,1.41,4.1642394,0,-0.13485442,,MHP,-31,41.2,32.6333,0,NULL
618,78,karabuk,2012,0,0,225145,100,0,0,4.3457813,1.502,4.152879,0,-0.13478425,,MHP,-31,41.2,32.6333,0,NULL
619,78,karabuk,2013,0,0,230251,100,0,0,4.421269,1.568,4.060786,1,-0.1293759,,MHP,-51.8,41.2,32.6333,0,NULL
620,78,karabuk,2014,0,0,231333,100,0,0,4.4637666,1.614,4.0763745,1,-0.1318031,,MHP,-51.8,41.2,32.6333,0,NULL
621,78,karabuk,2015,0,0,236978,100,0,0,4.483773,1.608,3.9792724,0,-0.123794764,,MHP,-51.8,41.2,32.6333,0,NULL
622,78,karabuk,2016,1,1,242347,100,0,0,4.5092387,1.646,3.9282517,0,-0.121281326,,MHP,-51.8,41.2,32.6333,0.004126315,15.71
623,78,karabuk,2017,0,0,244453,100,0,0,4.590482,1.56,3.931226,0,-0.12124625,,MHP,-39.83,41.2,32.6333,0,NULL
624,79,kilis,2010,1,1,123135,87.5,12.5,3.2580965,3.898895,0.804,1.6892029,0,-0.08298962,,AKP,-99.8,36.7167,37.1167,0.008121168,30.93
625,79,kilis,2011,0,0,124452,87.5,12.5,3.2580965,3.8308198,0.814,1.7195385,0,-0.08925384,,AKP,-99.8,36.7167,37.1167,0,NULL
626,79,kilis,2012,0,0,124320,87.5,12.5,3.2580965,3.8954628,0.83,1.7133205,0,-0.09839518,,AKP,-99.8,36.7167,37.1167,0,NULL
627,79,kilis,2013,0,0,128586,87.5,12.5,3.2580965,4.0551705,0.938,1.648702,1,-0.07603012,,AKP,-101.6,36.7167,37.1167,0,NULL
628,79,kilis,2014,0,0,128781,87.5,12.5,3.2580965,4.031377,0.978,1.6539707,1,-0.07639222,,AKP,-101.6,36.7167,37.1167,0,NULL
629,79,kilis,2015,0,0,130655,87.5,12.5,3.2580965,4.203353,1.028,1.6532089,0,-0.072014555,,AKP,-101.6,36.7167,37.1167,0,NULL
630,79,kilis,2016,0,0,130825,87.5,12.5,3.2580965,4.196647,1.096,1.6587044,0,-0.069739476,,AKP,-101.6,36.7167,37.1167,0,NULL
631,79,kilis,2017,3,3,136319,87.5,12.5,3.2580965,4.2454967,1.162,1.6285331,0,-0.065346405,,AKP,-94.52,36.7167,37.1167,0.022007204,83.81
632,80,osmaniye,2010,1,1,479221,83.4564,16.543604,3.3322046,4.0015626,0.968,1.0934412,0,-0.08898866,,MHP,-48.8,37.075,36.25,0.00208672,7.95
633,80,osmaniye,2011,2,2,485357,83.4564,16.543604,3.3322046,4.098222,1.04,1.09404,0,-0.0950301,,MHP,-48.8,37.075,36.25,0.004120678,15.69
634,80,osmaniye,2012,3,2,492135,83.4564,16.543604,3.3322046,4.083189,1.126,1.1196115,0,-0.094242185,,MHP,-48.8,37.075,36.25,0.006095888,23.22
635,80,osmaniye,2013,2,2,498981,83.4564,16.543604,3.3322046,4.1345005,1.218,1.1282995,1,-0.09530677,,MHP,-47.3,37.075,36.25,0.004008169,15.27
636,80,osmaniye,2014,1,1,506807,83.4564,16.543604,3.3322046,4.175689,1.272,1.1167959,1,-0.09683357,,MHP,-47.3,37.075,36.25,0.001973138,7.51
637,80,osmaniye,2015,1,1,512873,83.4564,16.543604,3.3322046,4.201886,1.288,1.103587,0,-0.09128399,,MHP,-47.3,37.075,36.25,0.0019498,7.43
638,80,osmaniye,2016,2,2,522175,83.4564,16.543604,3.3322046,4.2499776,1.26,1.0973333,0,-0.08883408,,MHP,-47.3,37.075,36.25,0.003830134,14.59
639,80,osmaniye,2017,0,0,527724,83.4564,16.543604,3.3322046,4.3346334,1.302,1.0857948,0,-0.086496085,,MHP,-54.44,37.075,36.25,0,NULL
640,81,duzce,2010,2,1,338188,87.5,12.5,0,4.325378,1.224,1.957491,0,-0.09399238,,AKP,-85,40.8417,31.1583,0.00591387,22.52
641,81,duzce,2011,1,1,342146,87.5,12.5,0,4.4332576,1.304,1.9319237,0,-0.10293631,,AKP,-85,40.8417,31.1583,0.002922729,11.13
642,81,duzce,2012,0,0,346493,87.5,12.5,0,4.499838,1.348,1.9163446,0,-0.10210447,,AKP,-85,40.8417,31.1583,0,NULL
643,81,duzce,2013,2,2,351509,87.5,12.5,0,4.5361238,1.454,1.8946884,1,-0.104739726,,AKP,-109,40.8417,31.1583,0.005689755,21.67
644,81,duzce,2014,2,2,355549,87.5,12.5,0,4.5922227,1.572,1.8815972,1,-0.10348846,,AKP,-109,40.8417,31.1583,0.005625104,21.42
645,81,duzce,2015,2,2,360388,87.5,12.5,0,4.6802187,1.73,1.8563327,0,-0.1027517,,AKP,-109,40.8417,31.1583,0.005549574,21.14
646,81,duzce,2016,3,3,370371,87.5,12.5,0,4.6549473,1.85,1.8332969,0,-0.095930785,,AKP,-109,40.8417,31.1583,0.008099986,30.85
647,81,duzce,2017,2,2,377610,87.5,12.5,0,4.6844153,1.822,1.8140409,0,-0.09414899,,AKP,-94.28,40.8417,31.1583,0.00529647,20.17
